fga,fg3a,fta,per,ts_pct,usg_pct,bpm,season,player,win_pct,votes_first,points_won,points_max,award_share,g,mp_per_g,pts_per_g,trb_per_g,ast_per_g,stl_per_g,blk_per_g,fg_pct,fg3_pct,ft_pct,ws,ws_per_48
16.9,0,5.8,25.3,0.639,24.1,7.2,1979-80,Kareem Abdul-Jabbar,0.731707317,147,147,221,0.665,82,38.3,24.8,10.8,4.5,1,3.4,0.604,0,0.765,14.8,0.227
20.7,0.3,6.8,25.4,0.568,30.3,7.6,1979-80,Julius Erving,0.719512195,31.5,31.5,221,0.143,78,36.1,26.9,7.4,4.6,2.2,1.8,0.519,0.2,0.787,12.5,0.213
24.9,1.3,7.6,24,0.587,31.7,3.9,1979-80,George Gervin,0.5,19,19,221,0.086,78,37.6,33.1,5.2,2.6,1.4,1,0.528,0.314,0.852,10.6,0.173
17.8,1.7,4.4,20.5,0.538,25.3,4.5,1979-80,Larry Bird,0.743902439,15,15,221,0.068,82,36,21.3,10.4,4.5,1.7,0.6,0.474,0.406,0.836,11.2,0.182
9.9,0.2,5.4,15.3,0.574,17,1.1,1979-80,Tiny Archibald,0.743902439,2,2,221,0.009,80,35.8,14.1,2.5,8.4,1.3,0.1,0.482,0.222,0.83,8.9,0.148
16.8,0.7,6,15.9,0.489,24.2,1.3,1979-80,Dennis Johnson,0.682926829,2,2,221,0.009,81,36.3,19,5.1,4.1,1.8,1,0.422,0.207,0.78,7.4,0.12
12.4,0,5.7,19.7,0.551,22.8,2.9,1979-80,Dan Roundfield,0.609756098,2,2,221,0.009,81,32,16.5,10.3,2.3,1.2,1.7,0.499,0,0.71,9.1,0.169
18.7,0.4,5.1,20.6,0.529,25.2,4.7,1979-80,Gus Williams,0.682926829,1.5,1.5,221,0.007,82,36.2,22.1,3.4,4.8,2.4,0.5,0.482,0.194,0.788,11.6,0.187
18.9,0.1,9.5,24.1,0.56,27.6,2.1,1979-80,Moses Malone,0.5,1,1,221,0.005,82,38.3,25.8,14.5,1.8,1,1.3,0.502,0,0.719,11.9,0.183
18.6,0.2,6.5,25.1,0.572,28.4,7.5,1980-81,Julius Erving,0.756097561,28,454,690,0.658,82,35,24.6,8,4.4,2.1,1.8,0.521,0.222,0.787,13.8,0.231
18.3,0.9,4,19.9,0.528,24.3,4.3,1980-81,Larry Bird,0.756097561,20,423,690,0.613,82,39.5,21.2,10.9,5.5,2,0.8,0.478,0.27,0.863,10.8,0.16
18.2,0,6.9,25.5,0.616,26.3,6.1,1980-81,Kareem Abdul-Jabbar,0.658536585,8,286,690,0.414,80,37.2,26.2,10.3,3.4,0.7,2.9,0.574,0,0.766,14.3,0.23
19.3,0,10.1,25.1,0.585,27.6,3.3,1980-81,Moses Malone,0.487804878,8,180,690,0.261,80,40.6,27.8,14.8,1.8,1,1.9,0.522,0.333,0.757,13.7,0.202
21.1,0.4,7.6,22.9,0.555,32.3,2.9,1980-81,George Gervin,0.634146341,1,83,690,0.12,82,33.7,27.1,5.1,3.2,1.1,0.7,0.492,0.257,0.826,10.5,0.182
15.2,0.1,5,22,0.583,23.3,5.6,1980-81,Marques Johnson,0.731707317,1,73,690,0.106,76,33.4,20.3,6.8,4.6,1.5,0.5,0.552,0,0.706,11.2,0.211
14.2,0,4.8,25.2,0.579,27.1,5.4,1980-81,Robert Parish,0.756097561,0,53,690,0.077,82,28,18.9,9.5,1.8,1,2.6,0.545,0,0.71,10.9,0.228
15.4,0.6,6.3,17,0.516,24.6,1.8,1980-81,Dennis Johnson,0.695121951,0,50,690,0.072,79,33.1,18.8,4.6,3.7,1.7,0.8,0.436,0.216,0.82,8.4,0.154
9.6,0.1,5.2,14.3,0.582,17.5,-0.1,1980-81,Tiny Archibald,0.756097561,0,32,690,0.046,80,35.3,13.8,2.2,7.7,0.9,0.2,0.499,0,0.816,6.9,0.118
18.5,0.2,4.1,18,0.556,24.5,0.5,1980-81,Jamaal Wilkes,0.658536585,0,19,690,0.028,81,37.4,22.6,5.4,2.9,1.5,0.4,0.526,0.077,0.758,8.5,0.135
15.9,0.5,6.1,25.7,0.582,24.3,8.8,1980-81,Magic Johnson,0.658536585,0,18,690,0.026,37,37.1,21.6,8.6,8.6,3.4,0.7,0.532,0.176,0.76,6.4,0.225
20.3,0.1,9.8,24.3,0.622,28.4,4.3,1980-81,Adrian Dantley,0.341463415,1,15,690,0.022,80,42.7,30.7,6.4,4,1.4,0.2,0.559,0.286,0.806,13.6,0.191
13.4,0.5,5.4,17.3,0.553,23.3,0.5,1980-81,Phil Ford,0.487804878,1,15,690,0.022,66,34.7,17.5,1.9,8.8,1.5,0.1,0.478,0.306,0.831,5.2,0.11
15.4,0.1,5.4,19.9,0.617,23.2,2.8,1980-81,Bernard King,0.475609756,0,12,690,0.017,81,36,21.9,6.8,3.5,0.9,0.4,0.588,0.333,0.703,9.1,0.15
14.5,0.4,2.7,14.9,0.484,24.3,-1.9,1980-81,Kelvin Ransey,0.548780488,1,11,690,0.016,80,30.4,15.2,2.4,6.9,1.1,0.1,0.452,0.097,0.749,2.8,0.056
16,0.1,5,18,0.512,23.6,1.4,1980-81,Jack Sikma,0.414634146,0,11,690,0.016,82,35.6,18.7,10.4,3,1,1.1,0.454,0,0.823,8,0.132
18.4,0.5,6.4,20.3,0.58,26.8,2.4,1980-81,Otis Birdsong,0.487804878,0,7,690,0.01,71,36.5,24.6,3.6,3.3,1.3,0.3,0.544,0.286,0.697,8.2,0.152
14.1,1.3,4.3,17.1,0.511,20,3.2,1980-81,Micheal Ray Richardson,0.609756098,0,7,690,0.01,79,40.2,16.4,6.9,7.9,2.9,0.4,0.469,0.225,0.663,6.9,0.104
15.6,0,4.8,14.9,0.531,21.5,-0.7,1980-81,Truck Robinson,0.695121951,0,6,690,0.009,82,37.7,18.8,9.6,2.5,0.8,0.5,0.505,0,0.629,7.6,0.119
13.4,1.1,6.7,18.4,0.578,23.1,1.8,1980-81,Reggie Theus,0.548780488,0,6,690,0.009,82,34.4,18.9,3.5,5.2,1.5,0.2,0.495,0.2,0.809,9.2,0.156
15.3,0.2,3.2,15.5,0.511,21.8,-0.6,1980-81,Norm Nixon,0.658536585,0,5,690,0.007,79,37.5,17.1,2.9,8.8,1.8,0.1,0.476,0.167,0.778,5.5,0.089
10,0,6.5,21.7,0.699,18.5,4.3,1980-81,Artis Gilmore,0.548780488,0,4,690,0.006,82,34.5,17.9,10.1,2.1,0.6,2.4,0.67,0,0.705,12.3,0.208
10.7,0,4.1,19.7,0.573,21.8,3.9,1980-81,Bob Lanier,0.731707317,0,4,690,0.006,67,26.2,14.3,6.2,2.7,1.1,1.2,0.525,1,0.751,6.8,0.185
8.1,0.2,1.8,12.2,0.53,13.5,0.9,1980-81,Michael Cooper,0.658536585,0,3,690,0.004,81,32.4,9.4,4.1,4.1,1.6,1,0.491,0.211,0.785,5,0.092
14.1,0.2,3.2,18.4,0.579,25.6,1.9,1980-81,Walter Davis,0.695121951,0,3,690,0.004,78,28,18,2.6,3.9,1.2,0.2,0.539,0.412,0.836,7.1,0.157
4.2,0,1.3,13.5,0.517,10.4,1.6,1980-81,George Johnson,0.634146341,0,3,690,0.004,82,23.6,5,7.3,1.1,0.6,3.4,0.473,0,0.734,4.5,0.112
9.3,0,4.3,20.1,0.604,20.8,4.7,1980-81,Bobby Jones,0.756097561,0,3,690,0.004,81,25.3,13.5,5.4,2.8,1.2,0.9,0.539,0,0.813,9.2,0.217
21.8,0.1,4.7,17.5,0.513,26.9,-0.3,1980-81,Mike Mitchell,0.341463415,0,3,690,0.004,82,39,24.5,6.1,1.7,0.8,0.6,0.476,0.444,0.784,6,0.091
13.3,0,5.9,19.4,0.557,26.1,1,1980-81,James Silas,0.634146341,0,3,690,0.004,75,27.4,17.7,3.1,3.8,0.7,0.2,0.477,0,0.85,7,0.164
11.7,0.1,2.5,15.1,0.522,21.1,0.8,1980-81,Quinn Buckner,0.731707317,0,1,690,0.001,82,29.1,13.3,3.6,4.7,2.4,0,0.493,0.167,0.734,5.4,0.108
6,0,2.4,10.1,0.512,11.3,-0.6,1980-81,Caldwell Jones,0.756097561,0,1,690,0.001,81,32.6,7.2,10,1.5,0.7,1.7,0.449,0,0.767,5.5,0.1
22.5,0.1,10.2,26.8,0.576,29.9,4.5,1981-82,Moses Malone,0.56097561,40,507,690,0.735,81,42,31.1,14.7,1.8,0.9,1.5,0.519,0,0.762,15.4,0.218
18.4,0.7,4.9,22.6,0.557,25.2,6.6,1981-82,Larry Bird,0.768292683,20,406,690,0.588,77,38,22.9,10.9,5.8,1.9,0.9,0.503,0.212,0.863,12.5,0.205
17.6,0.1,6.7,25.9,0.593,28.1,7.7,1981-82,Julius Erving,0.707317073,1,203,690,0.294,81,34.4,24.4,6.9,3.9,2,1.7,0.546,0.273,0.763,13.3,0.229
15.4,0,4.4,22.6,0.571,25.5,3.8,1981-82,Robert Parish,0.768292683,4,131,690,0.19,80,31.7,19.9,10.8,1.8,0.9,2.4,0.542,0,0.71,10,0.19
19.9,0.5,5.5,21.8,0.526,28.5,5.1,1981-82,Gus Williams,0.634146341,2,115,690,0.167,80,36,23.4,3.1,6.9,2.2,0.5,0.486,0.225,0.734,10.2,0.171
25.2,0.5,8.1,24.2,0.562,35,3.9,1981-82,George Gervin,0.585365854,1,110,690,0.159,79,35.7,32.3,5,2.4,1,0.6,0.5,0.278,0.864,10.7,0.182
13.3,0.2,7.2,20.1,0.601,21,4.8,1981-82,Sidney Moncrief,0.670731707,1,101,690,0.146,80,37.3,19.8,6.7,4.8,1.7,0.3,0.523,0.071,0.817,13.4,0.216
13.3,0.4,5.6,22.9,0.59,20.1,7.2,1981-82,Magic Johnson,0.695121951,0,67,690,0.097,78,38.3,18.6,9.6,9.5,2.7,0.4,0.537,0.207,0.76,12.9,0.207
14.8,0.2,6.4,20.6,0.559,22.5,3.9,1981-82,Jack Sikma,0.634146341,0,33,690,0.048,82,37.2,19.6,12.7,3.4,1.2,1.3,0.479,0.154,0.855,12.6,0.199
17.1,0,5.8,23.4,0.608,25.6,5,1981-82,Kareem Abdul-Jabbar,0.695121951,0,31,690,0.045,76,35.2,23.9,8.7,3,0.8,2.7,0.579,0,0.706,10.7,0.192
14.9,0.1,6.1,19.5,0.527,24.6,2.3,1981-82,Dan Roundfield,0.512195122,0,14,690,0.02,61,36.3,18.6,11.8,2.7,1,1.5,0.466,0.2,0.76,6.5,0.141
15.6,0.3,7.6,16.4,0.57,23.3,0.2,1981-82,Kelly Tripucka,0.475609756,0,14,690,0.02,82,37.5,21.6,5.4,3.3,1.1,0.2,0.496,0.227,0.797,7.5,0.117
18.9,0.1,5.4,22.2,0.596,25.3,3.8,1981-82,Alex English,0.56097561,0,12,690,0.017,82,36.8,25.4,6.8,5.3,1.1,1.5,0.551,0,0.84,9.5,0.152
16.5,0.1,6.3,19.8,0.6,25.3,2.2,1981-82,Bernard King,0.548780488,0,10,690,0.014,79,36.2,23.2,5.9,3.6,1,0.3,0.566,0.2,0.705,8.7,0.147
19.6,0,10.1,24.2,0.631,27.9,4.1,1981-82,Adrian Dantley,0.304878049,0,7,690,0.01,81,39.8,30.3,6.3,4,1.2,0.2,0.57,0.333,0.792,12.6,0.187
16.9,0.7,5.7,19,0.527,27.4,3.6,1981-82,Ray Williams,0.536585366,0,6,690,0.009,82,33.3,20.4,4,6,2.4,0.5,0.462,0.167,0.832,7.9,0.139
9.8,0.2,2.3,14.3,0.556,17.5,0.9,1981-82,Michael Cooper,0.695121951,0,3,690,0.004,76,28.9,11.9,3.5,3,1.6,0.8,0.517,0.118,0.813,5,0.109
15.3,0.1,8.1,23.1,0.608,26,2.2,1981-82,Dan Issel,0.56097561,0,3,690,0.004,81,30.5,22.9,7.5,2.2,0.8,0.7,0.527,0.667,0.834,9.8,0.19
12.7,0.1,4.3,18,0.566,22.1,2.9,1981-82,Marques Johnson,0.670731707,0,3,690,0.004,60,31.7,16.5,6.1,3.6,1,0.6,0.532,0,0.7,6.2,0.158
14.8,0.8,6,14.5,0.487,25,-0.8,1981-82,Isiah Thomas,0.475609756,0,3,690,0.004,72,33.8,17,2.9,7.8,2.1,0.2,0.424,0.288,0.704,2.3,0.046
15.4,0.5,6.2,16.7,0.54,23.6,1.3,1981-82,Dennis Johnson,0.56097561,0,1,690,0.001,80,36.7,19.5,5.1,4.6,1.3,0.7,0.47,0.19,0.806,8.1,0.132
16.5,0,5.6,19.2,0.548,22.9,2.3,1981-82,Mychal Thompson,0.512195122,0,1,690,0.001,79,39.6,20.8,11.7,4,0.9,1.4,0.523,0,0.628,8.2,0.125
17.9,0,5,18.7,0.532,28.6,0.5,1981-82,Jay Vincent,0.341463415,0,1,690,0.001,81,32.4,21.4,7,2.2,1.1,0.3,0.497,0.25,0.716,5.6,0.102
17.3,0,4.1,16.5,0.554,23.6,-0.8,1981-82,Jamaal Wilkes,0.695121951,0,1,690,0.001,82,35.4,21.1,4.8,1.7,1.1,0.3,0.525,0,0.732,7.7,0.127
10.7,0,4.7,17.2,0.603,18.2,0.7,1981-82,Buck Williams,0.536585366,0,1,690,0.001,82,34.5,15.5,12.3,1.3,1,1,0.582,0,0.624,8.9,0.152
16.7,0,10.1,25.1,0.578,26,3.7,1982-83,Moses Malone,0.792682927,69,720,750,0.96,78,37.5,24.5,15.3,1.3,1.1,2,0.501,0,0.761,15.1,0.248
18.7,1,5.3,24.1,0.561,25,7.5,1982-83,Larry Bird,0.682926829,1,364,750,0.485,79,37.7,23.6,11,5.8,1.9,0.9,0.504,0.286,0.84,14,0.225
11.8,0.3,4.8,23,0.603,19,7.2,1982-83,Magic Johnson,0.707317073,2,304.5,750,0.406,79,36.8,16.8,8.6,10.5,2.2,0.6,0.548,0,0.8,12.5,0.207
15.2,0.1,7.9,22.6,0.602,24.7,5.4,1982-83,Sidney Moncrief,0.62195122,0,226,750,0.301,76,35.7,22.5,5.8,3.9,1.5,0.3,0.524,0.1,0.826,13.2,0.233
16.3,0.1,6,23.1,0.566,25.5,6.5,1982-83,Julius Erving,0.792682927,3,112,750,0.149,72,33.6,21.4,6.8,3.7,1.6,1.8,0.517,0.286,0.759,10.9,0.217
22.6,0.1,6,24.1,0.561,28.9,4.6,1982-83,Alex English,0.548780488,0,42,750,0.056,82,36.4,28.4,7.3,4.8,1.4,1.5,0.516,0.167,0.829,10.3,0.166
11.1,0,6.4,18.6,0.611,18.4,2,1982-83,Buck Williams,0.597560976,0,40,750,0.053,82,36.1,17,12.5,1.5,1.1,1.3,0.588,0,0.62,11.4,0.185
10.8,0.1,6,21.2,0.668,19.4,2.8,1982-83,Artis Gilmore,0.646341463,0,33,750,0.044,82,34.1,18,12,1.5,0.5,2.3,0.626,0,0.74,11,0.189
19.9,0.4,7.8,20.5,0.561,29.1,1.8,1982-83,George Gervin,0.646341463,0,30,750,0.04,78,36.3,26.2,4.6,3.4,1.1,0.9,0.487,0.364,0.853,9.4,0.159
15.5,0,4.7,23.6,0.619,24.6,4.5,1982-83,Kareem Abdul-Jabbar,0.707317073,0,15,750,0.02,79,32.3,21.8,7.5,2.5,0.8,2.2,0.588,0,0.749,10.9,0.205
13.9,0.1,6.4,19.6,0.546,22.5,2.5,1982-83,Jack Sikma,0.585365854,0,13,750,0.017,75,34.2,18.2,11.4,3.1,1.2,0.9,0.464,0,0.837,9.8,0.183
13.3,0,6.9,19.4,0.595,23,2.8,1982-83,Jeff Ruland,0.512195122,0,12,750,0.016,79,36.2,19.4,11,3,0.9,1,0.552,0.333,0.689,10.1,0.169
18.7,0,5.9,22.8,0.557,26,3,1982-83,Terry Cummings,0.304878049,0,10,750,0.013,70,36.2,23.7,10.6,2.5,1.8,0.9,0.523,0,0.709,8.7,0.164
13.6,0,4.6,16.1,0.528,22.5,-0.3,1982-83,Maurice Lucas,0.646341463,0,9,750,0.012,77,33.6,16.5,10.4,2.8,0.7,0.6,0.474,0.333,0.781,7.1,0.132
6.4,0,3,13.8,0.543,17.7,-0.5,1982-83,Alton Lister,0.62195122,0,5,750,0.007,80,23.6,8.4,7.1,1.4,0.6,2.2,0.529,0,0.537,3.8,0.096
16.8,0.1,5.7,20.3,0.566,29.1,3.5,1982-83,Bernard King,0.536585366,0,4,750,0.005,68,32.5,21.9,4.8,2.9,1.3,0.2,0.528,0,0.722,7.5,0.163
19,1.5,6.4,18.9,0.525,26.1,1.9,1982-83,Isiah Thomas,0.451219512,0,4,750,0.005,81,38.2,22.9,4,7.8,2.5,0.4,0.472,0.288,0.71,7.4,0.115
16.2,0.2,5,18.1,0.545,23.7,1.6,1982-83,Larry Drew,0.548780488,0,3,750,0.004,75,35.9,20.1,2.8,8.1,1.7,0.1,0.492,0.125,0.82,7.2,0.128
17.3,0.5,4.6,20.5,0.517,25.8,4.2,1982-83,Gus Williams,0.585365854,0,3,750,0.004,80,34.5,20,2.6,8,2.3,0.3,0.477,0.047,0.751,8.5,0.148
15.5,0.4,5.8,18.8,0.526,24.2,1.7,1982-83,Dan Roundfield,0.524390244,0,2,750,0.003,77,36.5,19,11.4,2.9,0.8,1.5,0.47,0.185,0.749,7.4,0.127
17.8,0.3,4.5,21.1,0.543,25.7,4.5,1982-83,Marques Johnson,0.62195122,0,1.5,750,0.002,80,35.7,21.4,7,4.5,1.3,0.7,0.509,0.2,0.735,10.7,0.18
14.2,0.2,2.1,13.9,0.498,20.9,-1.9,1982-83,Norm Nixon,0.707317073,0,1,750,0.001,79,34.3,15.1,2.6,7.2,1.3,0.1,0.475,0,0.744,3.9,0.069
18.7,0.6,6.8,21.8,0.613,24.9,2.4,1982-83,Kiki Vandeweghe,0.548780488,0,1,750,0.001,82,35.5,26.7,5.3,2.5,0.8,0.5,0.547,0.294,0.875,11,0.182
19.5,0.9,5.3,24.2,0.552,26.7,7.6,1983-84,Larry Bird,0.756097561,52,652,760,0.858,79,38.3,24.2,10.1,6.6,1.8,0.9,0.492,0.247,0.888,13.6,0.215
18.1,0.1,7.3,22.7,0.619,28.7,4.5,1983-84,Bernard King,0.573170732,11,373,760,0.491,77,34.6,26.3,5.1,2.1,1,0.2,0.572,0,0.779,12.1,0.218
11.6,0.4,5.3,22.6,0.628,19.5,6.6,1983-84,Magic Johnson,0.658536585,5,305,760,0.401,67,38.3,17.6,7.3,13.1,2.2,0.7,0.565,0.207,0.81,10.2,0.191
15.5,0,4.9,21.3,0.608,25.1,3,1983-84,Kareem Abdul-Jabbar,0.658536585,3,153,760,0.201,80,32.8,21.5,7.3,2.6,0.7,1.8,0.578,0,0.723,8.9,0.163
17.7,0.8,6.5,20.9,0.52,25.4,4.8,1983-84,Isiah Thomas,0.597560976,1,115,760,0.151,82,36.7,21.3,4,11.1,2.5,0.4,0.462,0.338,0.733,9.1,0.144
17.2,0.3,6.3,22.9,0.562,27.2,5.9,1983-84,Julius Erving,0.634146341,1,98,760,0.129,77,34.8,22.4,6.9,4,1.8,1.8,0.512,0.333,0.754,10.1,0.18
18.2,0.1,12,24.6,0.652,28.2,4.2,1983-84,Adrian Dantley,0.548780488,1,88,760,0.116,79,37.8,30.6,5.7,3.9,0.8,0.1,0.558,0.25,0.859,14.6,0.235
14.2,0.2,7.9,19.8,0.591,22.2,4.1,1983-84,Sidney Moncrief,0.609756098,1,70,760,0.092,79,38.9,20.9,6.7,4.5,1.4,0.3,0.498,0.278,0.848,12.7,0.198
13.8,0.1,8.5,19.6,0.633,23,2.6,1983-84,Jeff Ruland,0.426829268,1,38,760,0.05,75,41.1,22.2,12.3,3.9,0.9,1,0.579,0.143,0.733,9.3,0.144
15.5,0.1,10.2,21.8,0.566,26.4,0.8,1983-84,Moses Malone,0.634146341,0,35,760,0.046,71,36.8,22.7,13.4,1.4,1,1.5,0.483,0,0.75,9.5,0.175
22.3,0.7,7.9,23.5,0.572,33.4,3.7,1983-84,Mark Aguirre,0.524390244,0,28,760,0.037,79,36.7,29.5,5.9,4.5,1,0.3,0.524,0.268,0.749,9,0.149
12.7,0.1,4.5,19.2,0.59,18.2,1.8,1983-84,Bill Laimbeer,0.597560976,0,9,760,0.012,82,34.9,17.3,12.2,1.8,0.6,1,0.53,0,0.866,10.8,0.181
11.2,0.2,2.9,18,0.532,16.9,3,1983-84,Rickey Green,0.548780488,0,8,760,0.011,81,34.2,13.2,2.8,9.2,2.7,0.2,0.486,0.118,0.821,7.9,0.138
18.8,0.9,6.7,18.8,0.512,31.3,1.4,1983-84,World B. Free,0.341463415,0,1,760,0.001,75,31.7,22.3,2.9,3,1.3,0.1,0.445,0.319,0.784,5.3,0.107
17.4,0.2,4.6,19.4,0.534,25.2,3.6,1983-84,Marques Johnson,0.609756098,0,1,760,0.001,74,36.7,20.7,6.5,4.3,1.6,0.6,0.502,0.154,0.709,8.6,0.152
22,1.6,5.7,26.5,0.585,28.5,8.8,1984-85,Larry Bird,0.768292683,73,763,780,0.978,80,39.5,28.7,10.5,6.6,1.6,1.2,0.522,0.427,0.882,15.7,0.238
11.7,0.5,6,23.2,0.637,20.5,6.7,1984-85,Magic Johnson,0.756097561,1,264,780,0.338,77,36.1,18.3,6.2,12.6,1.5,0.3,0.561,0.189,0.843,12.7,0.22
16.3,0,11.4,22.5,0.577,26.8,1.6,1984-85,Moses Malone,0.707317073,0,218,780,0.279,79,37.4,24.6,13.1,1.6,0.8,1.6,0.469,0,0.815,11.9,0.193
15.3,0,5,22.9,0.628,24.3,5.1,1984-85,Kareem Abdul-Jabbar,0.756097561,0,206,780,0.264,79,33.3,22,7.9,3.2,0.8,2.1,0.599,0,0.732,11.2,0.204
19.4,0,5.9,22.1,0.536,28.8,4.3,1984-85,Terry Cummings,0.719512195,2,138,780,0.177,79,34.5,23.6,9.1,2.9,1.5,0.8,0.495,0,0.741,10.7,0.189
19.8,0.6,9.1,25.8,0.592,29.8,7.3,1984-85,Michael Jordan,0.463414634,2,134,780,0.172,82,38.3,28.2,6.5,5.9,2.4,0.8,0.515,0.173,0.845,14,0.213
23.7,0.2,10,25.2,0.585,35.1,5.1,1984-85,Bernard King,0.292682927,0,70,780,0.09,55,37.5,32.9,5.8,3.7,1.3,0.3,0.53,0.1,0.772,7.1,0.166
15.9,0.5,7.5,20.1,0.565,23.6,4.8,1984-85,Sidney Moncrief,0.719512195,0,65,780,0.083,73,37.5,21.7,5.4,5.2,1.6,0.5,0.483,0.273,0.828,11.2,0.197
17.4,1.4,6.1,22.2,0.529,24,6.3,1984-85,Isiah Thomas,0.56097561,0,63,780,0.081,81,38.1,21.2,4.5,13.9,2.3,0.3,0.458,0.257,0.809,11.2,0.173
18.3,0.1,5.5,17.4,0.533,25.9,0.4,1984-85,Ralph Sampson,0.585365854,0,26,780,0.033,82,37.6,22.1,10.4,2.7,1,2,0.502,0,0.676,6.2,0.096
16.1,0,7.2,21.8,0.604,24.1,3.1,1984-85,Calvin Natt,0.634146341,0,22,780,0.028,78,34.1,23.3,7.8,3.1,1,0.4,0.546,0,0.793,10.2,0.185
22.4,0.1,5.7,21.6,0.561,29.3,2.7,1984-85,Alex English,0.634146341,0,12,780,0.015,81,36.1,27.9,5.7,4.2,1.2,0.6,0.518,0.2,0.829,8.9,0.146
15.3,0,6.7,21.1,0.564,23.5,2.1,1984-85,Hakeem Olajuwon,0.585365854,0,12,780,0.015,82,35.5,20.6,11.9,1.4,1.2,2.7,0.538,0,0.613,10.2,0.168
17.9,1.4,3.8,19.8,0.513,24,4.1,1984-85,Micheal Ray Richardson,0.512195122,0,11,780,0.014,82,38.1,20.1,5.6,8.2,3,0.3,0.469,0.252,0.767,8.7,0.134
13.1,1.5,5.1,16.2,0.582,23.3,0.4,1984-85,Andrew Toney,0.707317073,0,5,780,0.006,70,32,17.8,2.5,5.2,0.9,0.3,0.492,0.371,0.862,5.5,0.118
8.2,0,3.3,13.6,0.502,14.1,1.2,1984-85,Mark Eaton,0.5,0,4,780,0.005,82,34.3,9.7,11.3,1.5,0.4,5.6,0.449,0,0.712,5.4,0.093
11.6,0.3,5.2,17.6,0.577,19.2,4.2,1984-85,Paul Pressey,0.719512195,0,3,780,0.004,80,36,16.1,5.4,6.8,1.6,0.7,0.517,0.35,0.758,9.6,0.16
13.9,0.1,5.8,20.4,0.564,22.2,4.4,1984-85,Jack Sikma,0.37804878,0,3,780,0.004,68,35.3,18.5,10.6,4.2,1.2,1.3,0.489,0.2,0.852,8.3,0.166
23.3,1,7.4,20.9,0.514,32.5,2.2,1984-85,Dominique Wilkins,0.414634146,0,3,780,0.004,81,37.3,27.4,6.9,2.5,1.7,0.7,0.451,0.309,0.806,7.6,0.121
18.7,2.7,5.8,19.7,0.529,29.4,3,1984-85,World B. Free,0.43902439,0,2,780,0.003,71,31.7,22.5,3,4.5,1.1,0.2,0.459,0.368,0.749,6,0.127
22.8,1.9,7.9,18.9,0.533,29.1,0.6,1984-85,Purvis Short,0.268292683,0,2,780,0.003,78,39.5,28,5.1,3,1.5,0.3,0.46,0.313,0.817,6.2,0.097
14.5,0.5,3.7,19.7,0.534,23.5,4.3,1984-85,Clyde Drexler,0.512195122,0,1,780,0.001,80,31.9,17.2,6,5.5,2.2,0.9,0.494,0.216,0.759,7.5,0.141
15.8,0.2,5.7,20,0.546,26,3.5,1984-85,Julius Erving,0.707317073,0,1,780,0.001,78,32.5,20,5.3,3,1.7,1.4,0.494,0.214,0.765,7.6,0.144
19.6,2.4,6,25.6,0.58,27.6,8.7,1985-86,Larry Bird,0.817073171,73,765,780,0.981,82,38,25.8,9.8,6.8,2,0.6,0.496,0.423,0.896,15.8,0.244
24.3,0.9,9,23.3,0.536,32.9,4.2,1985-86,Dominique Wilkins,0.609756098,5,407,780,0.522,78,39.1,30.3,7.9,2.6,1.8,0.6,0.468,0.186,0.818,10.8,0.17
12.8,0.6,6,24,0.61,21.6,6.7,1985-86,Magic Johnson,0.756097561,0,205,780,0.263,72,35.8,18.8,5.9,12.6,1.6,0.2,0.526,0.233,0.871,12.1,0.226
17.5,0,7.9,24.2,0.56,25.6,4,1985-86,Hakeem Olajuwon,0.62195122,0,193,780,0.247,68,36.3,23.5,11.5,2,2,3.4,0.526,0,0.645,9.5,0.186
16.9,0,5.6,22.7,0.603,26.6,5.4,1985-86,Kareem Abdul-Jabbar,0.756097561,0,135,780,0.173,79,33.3,23.4,6.1,3.5,0.8,1.6,0.564,0,0.765,10.8,0.197
13,0.9,7.2,22.4,0.619,22.4,5.1,1985-86,Charles Barkley,0.658536585,0,133,780,0.171,80,36.9,20,12.8,3.9,2.2,1.6,0.572,0.227,0.685,10.8,0.176
13.2,1.4,7.9,20,0.604,21.8,4.9,1985-86,Sidney Moncrief,0.695121951,0,56,780,0.072,73,35.2,20.2,4.6,4.9,1.4,0.2,0.489,0.32,0.859,11.7,0.219
23.3,0.1,7.3,21.7,0.562,30.5,2.9,1985-86,Alex English,0.573170732,0,55,780,0.071,81,37.3,29.8,5,4,0.9,0.4,0.504,0.2,0.862,9.8,0.156
16.2,1.1,6,21.2,0.554,24.4,5,1985-86,Isiah Thomas,0.56097561,0,28,780,0.036,77,36.2,20.9,3.6,10.8,2.2,0.3,0.488,0.31,0.79,8.8,0.151
16.8,0,10.6,20.6,0.553,27.6,-0.1,1985-86,Moses Malone,0.658536585,0,21,780,0.027,74,36.6,23.8,11.8,1.2,0.9,1,0.458,0,0.787,8.9,0.157
17.5,0,4.9,18.2,0.503,27.2,0.9,1985-86,Terry Cummings,0.695121951,0,9,780,0.012,82,32.5,19.8,8.5,2.4,1.5,0.6,0.474,0,0.656,7.4,0.133
14.5,0.2,4.2,20.4,0.613,22.6,3.9,1985-86,James Worthy,0.756097561,0,7,780,0.009,75,32.7,20,5.2,2.7,1.1,1,0.579,0,0.771,9.5,0.185
14.4,0,6.2,21.6,0.623,22.5,4.4,1985-86,Kevin McHale,0.817073171,0,3,780,0.004,68,35.3,21.3,8.1,2.7,0.4,2,0.574,0,0.776,11,0.22
10.5,0.6,4.9,18.6,0.564,18.6,5.7,1985-86,Paul Pressey,0.695121951,0,3,780,0.004,80,33.8,14.3,5,7.8,2.1,0.9,0.488,0.182,0.806,9.8,0.174
13.3,0.4,4,19.5,0.563,20.9,4.7,1985-86,Alvin Robertson,0.426829268,0,3,780,0.004,82,35.1,17,6.3,5.5,3.7,0.5,0.514,0.276,0.795,8.6,0.143
19.1,0.1,10.5,24.6,0.629,30,4.9,1985-86,Adrian Dantley,0.512195122,0,2,780,0.003,76,36.1,29.8,5.2,3.5,0.8,0.1,0.563,0.091,0.791,12.8,0.223
11.7,0,5.4,15.1,0.565,18.1,-0.6,1985-86,Buck Williams,0.475609756,0,2,780,0.003,82,37.4,15.9,12,1.6,0.9,1.2,0.523,0,0.676,6.8,0.106
13.6,0.5,3.8,14.7,0.509,20.5,0.5,1985-86,Dennis Johnson,0.817073171,0,1,780,0.001,78,35,15.6,3.4,5.8,1.4,0.4,0.455,0.143,0.818,6.7,0.118
16.4,0.5,7.9,27,0.602,26.3,8.8,1986-87,Magic Johnson,0.792682927,65,733,780,0.94,80,36.3,23.9,6.3,12.2,1.7,0.5,0.522,0.205,0.848,15.9,0.263
27.8,0.8,11.9,29.8,0.562,38.3,10.8,1986-87,Michael Jordan,0.487804878,10,449,780,0.576,82,40,37.1,5.2,4.6,2.9,1.5,0.482,0.182,0.857,16.9,0.247
20.2,3,6.1,26.4,0.612,27.5,9.4,1986-87,Larry Bird,0.719512195,1,271,780,0.347,74,40.6,28.1,9.2,7.6,1.8,0.9,0.525,0.4,0.91,15.2,0.243
17,0.1,6.6,24,0.655,24.1,5.1,1986-87,Kevin McHale,0.719512195,0,254,780,0.326,77,39.7,26.1,9.9,2.6,0.5,2.2,0.604,0,0.836,14.8,0.232
22.6,1.3,9.4,23.5,0.543,32.3,5.5,1986-87,Dominique Wilkins,0.695121951,0,128,780,0.164,79,37.6,29,6.3,3.3,1.5,0.6,0.463,0.292,0.818,12.2,0.197
13.8,1.5,8.3,25.1,0.66,23.1,6.7,1986-87,Charles Barkley,0.548780488,1,113,780,0.145,68,40.3,23,14.6,4.9,1.8,1.5,0.594,0.202,0.761,12,0.21
17.8,0.1,7.6,23.8,0.554,26.8,5.8,1986-87,Hakeem Olajuwon,0.512195122,1,28,780,0.036,75,36.8,23.4,11.4,2.9,1.9,3.4,0.508,0.2,0.702,10.9,0.189
16.7,1.2,6.4,18.8,0.528,25.9,3.3,1986-87,Isiah Thomas,0.634146341,0,17,780,0.022,81,37.2,20.6,3.9,10,1.9,0.2,0.463,0.194,0.768,7.6,0.121
16.7,1.1,3.8,20.8,0.515,21.1,5,1986-87,Fat Lever,0.451219512,0,11,780,0.014,82,37.2,18.9,8.9,8,2.5,0.4,0.469,0.239,0.782,9.7,0.153
18,0.2,9.5,23.8,0.545,29.3,2.8,1986-87,Moses Malone,0.512195122,0,9,780,0.012,73,34.1,24.1,11.3,1.6,0.8,1.3,0.454,0,0.824,9.4,0.182
11.3,0,6.2,15.1,0.602,23.1,-1.4,1986-87,Steve Johnson,0.597560976,0,4,780,0.005,79,29.7,16.8,7.2,2,0.6,1,0.556,0,0.698,4.4,0.091
17.3,0.1,6.6,18,0.536,26.3,0.3,1986-87,Karl Malone,0.536585366,0,3,780,0.004,82,34.8,21.7,10.4,1.9,1.3,0.7,0.512,0,0.598,6.9,0.116
13.2,0,3.9,17.7,0.588,19.7,1.2,1986-87,Robert Parish,0.719512195,0,3,780,0.004,80,37.4,17.5,10.6,2.2,0.8,1.8,0.556,0,0.735,9.2,0.147
23.4,0.2,5.9,20.5,0.549,29.2,1.9,1986-87,Alex English,0.451219512,0,2,780,0.003,82,37.6,28.6,4.2,5.1,0.9,0.3,0.503,0.267,0.844,8.1,0.126
19.9,1.9,7,22.1,0.56,31.3,3.1,1986-87,Mark Aguirre,0.670731707,0,1,780,0.001,80,33.3,25.7,5.3,3.2,1.1,0.4,0.495,0.353,0.77,8.9,0.16
15.8,0.2,5.9,18.1,0.569,24.3,1,1986-87,Rolando Blackman,0.670731707,0,1,780,0.001,80,34.5,21,3.5,3.3,0.8,0.3,0.495,0.333,0.884,8,0.14
18,0,5.3,18.4,0.521,27.8,0.7,1986-87,Joe Barry Carroll,0.512195122,0,1,780,0.001,81,33.6,21.2,7.3,2.6,1.1,1.5,0.472,0,0.787,4.6,0.082
24.4,0.6,10.5,31.7,0.603,34.1,13,1987-88,Michael Jordan,0.609756098,47,665,800,0.831,82,40.4,35,5.5,5.9,3.2,1.6,0.535,0.132,0.841,21.2,0.308
22,3.1,6,27.8,0.608,30.2,8.8,1987-88,Larry Bird,0.695121951,16,527,800,0.659,76,39,29.9,9.3,6.1,1.6,0.8,0.527,0.414,0.916,15,0.243
13.8,0.8,6.8,23.1,0.581,23.4,6,1987-88,Magic Johnson,0.756097561,16,508,800,0.635,72,36.6,19.6,6.2,11.9,1.6,0.2,0.492,0.196,0.853,10.9,0.199
16,2,11.9,27.6,0.665,26.7,7.4,1987-88,Charles Barkley,0.43902439,1,109,800,0.136,80,39.6,28.3,11.9,3.2,1.3,1.3,0.587,0.28,0.751,16.7,0.253
20.7,0.6,7.2,24.1,0.564,28,7,1987-88,Clyde Drexler,0.646341463,0,86,800,0.108,81,37.8,27,6.6,5.8,2.5,0.6,0.506,0.212,0.811,13.2,0.207
25.1,1.7,8.4,23.7,0.534,35.2,4.3,1987-88,Dominique Wilkins,0.609756098,0,55,800,0.069,78,37.8,30.7,6.4,2.9,1.3,0.6,0.464,0.295,0.826,9.8,0.16
17.5,0.1,6.9,23.4,0.555,26.5,4.4,1987-88,Hakeem Olajuwon,0.56097561,0,40,800,0.05,79,35.8,22.8,12.1,2.1,2.1,2.7,0.514,0,0.695,10.7,0.182
20.1,0.1,9.6,20.7,0.568,29.7,1.5,1987-88,Karl Malone,0.573170732,0,36,800,0.045,82,39,27.7,12,2.4,1.4,0.6,0.52,0,0.7,10.1,0.152
16.6,0.7,3.9,20.5,0.516,21.4,5.1,1987-88,Fat Lever,0.658536585,0,26,800,0.033,82,37.3,18.9,8.1,7.8,2.7,0.3,0.473,0.211,0.785,10.4,0.163
9.6,0.8,4,23.2,0.645,17.2,8.5,1987-88,John Stockton,0.573170732,0,15,800,0.019,82,34.7,14.7,2.9,13.8,3,0.2,0.574,0.358,0.84,14.1,0.238
21.3,0.1,4.7,19.8,0.535,28.4,2,1987-88,Alex English,0.658536585,0,4,800,0.005,80,35.2,25,4.7,4.7,0.9,0.3,0.495,0,0.828,7.6,0.129
16.6,1.2,4.9,18.2,0.521,25.4,3,1987-88,Isiah Thomas,0.658536585,0,3,800,0.004,81,36.1,19.5,3.4,8.4,1.7,0.2,0.463,0.309,0.774,7.6,0.124
12.4,1.5,3.2,15.7,0.493,17.3,2.7,1987-88,Mark Jackson,0.463414634,0,2,800,0.003,82,39.6,13.6,4.8,10.6,2.5,0.1,0.432,0.254,0.774,7.6,0.113
11.3,4.6,2.4,15.6,0.56,16.2,2.5,1987-88,Michael Adams,0.658536585,0,1,800,0.001,82,33.9,13.9,2.7,6.1,2,0.2,0.449,0.367,0.834,7.5,0.13
20.4,2.2,6.5,21.9,0.539,31.6,3.8,1987-88,Mark Aguirre,0.646341463,0,1,800,0.001,77,33.9,25.1,5.6,3.6,0.9,0.7,0.475,0.302,0.77,8.8,0.163
12.5,0,8.3,19.9,0.619,24.2,3.5,1987-88,Adrian Dantley,0.658536585,0,1,800,0.001,69,31.1,20,3.3,2.5,0.6,0.1,0.514,0,0.86,9.4,0.21
11.9,0,7.4,18.2,0.603,20,0.2,1987-88,Buck Williams,0.231707317,0,1,800,0.001,70,37.7,18.3,11.9,1.6,1,0.6,0.56,1,0.668,7.6,0.138
14.8,2.4,7.3,26.9,0.625,24.3,9.4,1988-89,Magic Johnson,0.695121951,42.5,664.5,850,0.782,77,37.5,22.5,7.9,12.8,1.8,0.3,0.509,0.314,0.911,16.1,0.267
22.2,1.2,9.8,31.1,0.614,32.1,11.9,1988-89,Michael Jordan,0.573170732,27.5,598.8,850,0.704,81,40.2,32.5,8,8,2.9,0.8,0.538,0.276,0.85,19.8,0.292
19.5,0.2,11.5,24.4,0.592,30.4,5.4,1988-89,Karl Malone,0.62195122,5,362,850,0.426,80,39.1,29.1,10.7,2.7,1.8,0.9,0.519,0.313,0.766,15.2,0.233
16,0.1,6.1,22.1,0.607,23.6,4.5,1988-89,Patrick Ewing,0.634146341,8,200,850,0.235,80,36.2,22.7,9.3,2.4,1.5,3.5,0.567,0,0.746,10.9,0.181
19,0.1,8,25.2,0.552,28.2,5.5,1988-89,Hakeem Olajuwon,0.548780488,2,179.3,850,0.211,82,36.9,24.8,13.5,1.8,2.6,3.4,0.508,0,0.696,12.4,0.197
15.3,2.1,10.1,27,0.653,24.4,7.5,1988-89,Charles Barkley,0.56097561,0,94.3,850,0.111,79,39.1,25.8,12.5,4.1,1.6,0.8,0.579,0.216,0.753,16.1,0.25
11.3,0.8,5.5,22.9,0.624,19.1,8.3,1988-89,John Stockton,0.62195122,0,28,850,0.033,82,38.7,17.1,3,13.6,3.2,0.2,0.538,0.242,0.863,15.6,0.236
13.9,0.3,7.1,20.5,0.597,21.2,4.2,1988-89,Kevin Johnson,0.670731707,0,22,850,0.026,81,39.2,20.4,4.2,12.2,1.7,0.3,0.505,0.091,0.882,12.2,0.184
20.3,1.1,7.4,19.3,0.547,28.2,1.4,1988-89,Tom Chambers,0.670731707,0,20,850,0.024,81,37.1,25.7,8.4,2.9,1.1,0.7,0.471,0.326,0.851,9.2,0.146
13.4,2.8,3.9,20.6,0.623,21,4.5,1988-89,Mark Price,0.695121951,0,18,850,0.021,75,36.4,18.9,3,8.4,1.5,0.1,0.526,0.441,0.901,11.3,0.199
13,0,6.7,18.5,0.594,22.2,2,1988-89,Brad Daugherty,0.695121951,0,4,850,0.005,78,36.2,18.9,9.2,3.7,0.8,0.5,0.538,0.333,0.737,9.6,0.164
13.1,0,5.1,21.6,0.607,20.9,3.3,1988-89,Robert Parish,0.512195122,0,4,850,0.005,80,35.5,18.6,12.5,2.2,1,1.5,0.57,0,0.719,10.5,0.177
5,0,2.4,10.6,0.513,9.2,0.6,1988-89,Mark Eaton,0.62195122,0,3,850,0.004,82,35.5,6.2,10.3,1,0.5,3.8,0.462,0,0.66,6.6,0.108
13.5,0.1,8.8,21.2,0.581,23.4,1.8,1988-89,Moses Malone,0.634146341,0,3,850,0.004,81,35.5,20.2,11.8,1.4,1,1.2,0.491,0,0.789,10.7,0.178
19.9,1.2,6.7,21.9,0.581,26.6,4,1988-89,Chris Mullin,0.524390244,0,3,850,0.004,82,37.7,26.5,5.9,5.1,2.1,0.5,0.509,0.23,0.892,10.6,0.165
12.6,0.1,4.6,19.9,0.59,19.9,3.9,1988-89,Larry Nance,0.695121951,0,3,850,0.004,73,34.6,17.2,8,2.2,0.8,2.8,0.539,0,0.799,10.3,0.197
19.5,0.2,5.8,19.7,0.518,28.9,1.2,1988-89,Terry Cummings,0.597560976,0,1,850,0.001,80,35.3,22.9,8.1,2.5,1.3,0.9,0.467,0.467,0.787,7.7,0.131
13.1,0.4,4.4,16.8,0.571,21.6,1.9,1988-89,Joe Dumars,0.768292683,0,1,850,0.001,69,34.9,17.2,2.5,5.7,0.9,0.1,0.505,0.483,0.85,7,0.14
15.3,1.5,4.4,17.1,0.528,24.6,2.6,1988-89,Isiah Thomas,0.768292683,0,1,850,0.001,80,36.6,18.2,3.4,8.3,1.7,0.3,0.464,0.273,0.818,7,0.115
14.4,3.5,8.1,26.6,0.622,24.8,10.1,1989-90,Magic Johnson,0.768292683,27,636,920,0.691,79,37.2,22.3,6.6,11.5,1.7,0.4,0.48,0.384,0.89,16.5,0.27
14.9,1.2,9.4,27.1,0.661,24,8.2,1989-90,Charles Barkley,0.646341463,38,614,920,0.667,79,39.1,25.2,11.5,3.9,1.9,0.6,0.6,0.217,0.749,17.3,0.269
24,3,8.5,31.2,0.606,33.7,11.2,1989-90,Michael Jordan,0.670731707,21,564,920,0.613,82,39,33.6,6.9,6.3,2.8,0.7,0.526,0.376,0.848,19,0.285
19.8,0.5,11.1,27.2,0.626,32.6,6.4,1989-90,Karl Malone,0.670731707,2,214,920,0.233,82,38.1,31,11.1,2.8,1.5,0.6,0.562,0.372,0.762,15.9,0.245
20.4,0,7.9,25.8,0.599,29.4,5.5,1989-90,Patrick Ewing,0.548780488,1,162,920,0.176,82,38.6,28.6,10.9,2.2,1,4,0.551,0.25,0.775,13.5,0.205
15.9,0,10.2,26.3,0.597,26.6,6.9,1989-90,David Robinson,0.682926829,2,102,920,0.111,82,36.6,24.3,12,2,1.7,3.9,0.531,0,0.732,15.1,0.241
19.6,0.1,6.5,24.1,0.541,28.1,5.8,1989-90,Hakeem Olajuwon,0.5,1,64,920,0.07,82,38.1,24.3,14,2.9,2.1,4.6,0.501,0.167,0.713,11.2,0.173
20,1.1,8,20.9,0.579,28.8,2.3,1989-90,Tom Chambers,0.658536585,0,12,920,0.013,81,37.6,27.2,7,2.3,1.1,0.6,0.501,0.279,0.861,11.2,0.176
11.8,1.4,5.5,23.9,0.607,20.6,8.9,1989-90,John Stockton,0.670731707,0,9,920,0.01,78,37.4,17.2,2.6,14.5,2.7,0.2,0.514,0.416,0.819,14.4,0.238
20.2,2.6,4.6,21.9,0.546,27.4,5.3,1989-90,Larry Bird,0.634146341,0,5,920,0.005,75,39.3,24.3,9.5,7.5,1.4,0.8,0.473,0.333,0.93,9.5,0.154
9.2,0,5,14.3,0.597,15.5,0.7,1989-90,Buck Williams,0.719512195,0,5,920,0.005,82,34.2,13.6,9.8,1.4,0.8,0.5,0.548,0,0.706,8.7,0.149
18.6,1.5,5.9,22.2,0.551,25.5,7.3,1989-90,Clyde Drexler,0.719512195,0,3,920,0.003,73,36.8,23.3,6.9,5.9,2,0.7,0.494,0.283,0.774,11.6,0.208
14.1,0.7,4.4,17.2,0.555,22.5,2.2,1989-90,Joe Dumars,0.719512195,0,1,920,0.001,75,34.4,17.8,2.8,4.9,0.8,0,0.48,0.4,0.9,8.7,0.162
16.3,1.7,4.7,17.3,0.501,26,2.9,1989-90,Isiah Thomas,0.719512195,0,1,920,0.001,81,37,18.4,3.8,9.4,1.7,0.2,0.438,0.309,0.775,6.7,0.107
22.4,1.1,8.2,31.6,0.605,32.9,12,1990-91,Michael Jordan,0.743902439,77,891,960,0.928,82,37,31.5,6,5.5,2.7,1,0.539,0.312,0.851,20.3,0.321
12.4,3.2,7.3,25.1,0.623,22.9,9,1990-91,Magic Johnson,0.707317073,10,497,960,0.518,79,37.1,19.4,7,12.5,1.3,0.2,0.477,0.32,0.906,15.4,0.251
16.7,0.1,9.5,27.4,0.615,26.6,8.5,1990-91,David Robinson,0.670731707,6,476,960,0.496,82,37.7,25.6,13,2.5,1.5,3.9,0.552,0.143,0.762,17,0.264
17.4,2.3,9.8,28.9,0.635,29.1,9.3,1990-91,Charles Barkley,0.536585366,2,222,960,0.231,67,37.3,27.6,10.1,4.2,1.6,0.5,0.57,0.284,0.722,13.4,0.258
19.6,0.2,10.8,24.8,0.596,30.1,5.4,1990-91,Karl Malone,0.658536585,0,142,960,0.148,82,40.3,29,11.8,3.3,1.1,1,0.527,0.286,0.77,15.5,0.225
16.3,2.3,6.4,22.1,0.563,25.7,6.8,1990-91,Clyde Drexler,0.768292683,1,75,960,0.078,82,34.8,21.5,6.7,6,1.8,0.7,0.482,0.319,0.794,12.4,0.209
14.9,0.6,8,23.7,0.604,24.8,6.6,1990-91,Kevin Johnson,0.670731707,0,32,960,0.033,77,36,22.2,3.5,10.1,2.1,0.1,0.516,0.205,0.843,12.7,0.22
20.2,3.1,7.1,23.5,0.555,28.1,4.9,1990-91,Dominique Wilkins,0.524390244,0,29,960,0.03,81,38,25.9,9,3.3,1.5,0.8,0.47,0.341,0.829,11.4,0.177
17,3.3,3.1,19.7,0.53,23.7,4.6,1990-91,Larry Bird,0.682926829,0,25,960,0.026,60,38,19.4,8.5,7.2,1.8,1,0.454,0.389,0.891,6.6,0.14
11.7,3.9,4.2,21.7,0.632,19.6,7.4,1990-91,Terry Porter,0.768292683,0,25,960,0.026,81,32.9,17,3.5,8,2,0.1,0.515,0.415,0.823,13,0.235
20.3,0.1,7.7,23.7,0.561,31.1,4.2,1990-91,Patrick Ewing,0.475609756,0,20,960,0.021,81,38.3,26.6,11.2,3,1,3.2,0.514,0,0.745,10,0.155
11.9,2,5.3,23.4,0.604,20.9,8.3,1990-91,John Stockton,0.658536585,0,15,960,0.016,82,37.8,17.2,2.9,14.2,2.9,0.2,0.507,0.345,0.836,14,0.217
13.9,1.4,4.8,17.4,0.507,25.2,2.7,1990-91,Isiah Thomas,0.609756098,0,11,960,0.011,48,34.5,16.2,3.3,9.3,1.6,0.2,0.435,0.292,0.782,3.4,0.098
10,0,3.8,20.6,0.637,19,2.2,1990-91,Robert Parish,0.682926829,0,10,960,0.01,81,30.1,14.9,10.6,0.8,0.8,1.3,0.598,0,0.767,10,0.198
16.2,0.6,5.2,18,0.552,24,2.7,1990-91,Joe Dumars,0.609756098,0,8,960,0.008,80,38.1,20.4,2.3,5.5,1.1,0.1,0.481,0.311,0.89,9.9,0.155
23.6,0.6,7.6,19.1,0.527,34.4,1.1,1990-91,Bernard King,0.365853659,0,7,960,0.007,64,37.5,28.4,5,4.6,0.9,0.3,0.472,0.216,0.79,3.5,0.07
12.9,1.7,4.4,18.3,0.599,21.2,2.9,1990-91,Kenny Smith,0.634146341,0,5,960,0.005,78,34.6,17.7,2.1,7.1,1.4,0.1,0.52,0.363,0.844,9,0.161
17.1,0.1,4.9,24.3,0.549,25,6.2,1990-91,Hakeem Olajuwon,0.634146341,0,4,960,0.004,56,36.8,21.2,13.8,2.3,2.2,3.9,0.508,0,0.769,8.6,0.201
18.9,3.1,4.6,20.9,0.547,24.7,4.4,1990-91,Tim Hardaway,0.536585366,0,1,960,0.001,82,39.2,22.9,4,9.7,2.6,0.1,0.476,0.385,0.803,9.9,0.148
13.4,0.5,4,21.2,0.606,23.9,3.1,1990-91,Kevin McHale,0.682926829,0,1,960,0.001,68,30.4,18.4,7.1,1.9,0.4,2.1,0.553,0.405,0.829,7.9,0.182
22.7,1.3,7.4,27.7,0.579,31.7,9.7,1991-92,Michael Jordan,0.817073171,80,900,960,0.938,80,38.8,30.1,6.4,6.1,2.3,0.9,0.519,0.27,0.832,17.7,0.274
19.4,4.4,6.6,23.6,0.56,28.7,8.7,1991-92,Clyde Drexler,0.695121951,12,561,960,0.584,76,36.2,25,6.6,6.7,1.8,0.9,0.47,0.337,0.794,12.8,0.223
15.8,0.1,8.3,27.5,0.597,24.7,9.4,1991-92,David Robinson,0.573170732,2,337,960,0.351,68,37.7,23.2,12.2,2.7,2.3,4.5,0.551,0.125,0.701,13.9,0.26
18.7,0.2,10.7,25.4,0.599,30.3,5.7,1991-92,Karl Malone,0.670731707,1,262,960,0.273,81,37.7,28,11.2,3,1.3,0.6,0.526,0.176,0.778,15.1,0.237
18.6,0.1,6.2,22.8,0.563,27.2,4.9,1991-92,Patrick Ewing,0.62195122,0,100,960,0.104,82,38.4,24,11.2,1.9,1.1,3,0.522,0.167,0.738,13,0.198
19.6,2.2,5.2,19.9,0.586,23.6,3.7,1991-92,Chris Mullin,0.670731707,0,81,960,0.084,81,41.3,25.6,5.6,3.5,2.1,0.8,0.524,0.366,0.833,10.8,0.155
12.5,3.6,4,22.7,0.61,24.1,5.8,1991-92,Mark Price,0.695121951,0,66,960,0.069,72,29.7,17.3,2.4,7.4,1.3,0.2,0.488,0.387,0.947,9.1,0.205
19.7,4.6,4.8,19.1,0.537,24.4,2.8,1991-92,Tim Hardaway,0.670731707,0,64,960,0.067,81,41.1,23.4,3.8,10,2,0.2,0.461,0.338,0.766,9.2,0.132
16.6,1,5.3,21.5,0.555,24.6,6.1,1991-92,Scottie Pippen,0.817073171,1,32,960,0.033,82,38.6,21,7.7,7,1.9,1.1,0.506,0.2,0.76,12.7,0.192
7.7,1.2,1.7,17,0.574,11.1,2.8,1991-92,Dennis Rodman,0.585365854,0,26,960,0.027,82,40.3,9.8,18.7,2.3,0.8,0.9,0.539,0.317,0.6,12.6,0.183
13.8,0,7.3,23,0.629,23.6,4.8,1991-92,Brad Daugherty,0.695121951,0,24,960,0.025,73,36.2,21.5,10.4,3.6,0.9,1.1,0.57,0,0.777,11.7,0.213
15,1.8,8.7,24.5,0.612,25.1,6.3,1991-92,Charles Barkley,0.426829268,0,18,960,0.019,75,38.4,23.1,11.1,4.1,1.8,0.6,0.552,0.234,0.695,12.3,0.205
11.5,2.5,4.5,22.8,0.59,19.9,8.7,1991-92,John Stockton,0.670731707,0,18,960,0.019,82,36.6,15.8,3.3,13.7,3,0.3,0.482,0.407,0.842,13.4,0.215
16.8,2.8,3.6,21,0.547,24.7,5.5,1991-92,Larry Bird,0.62195122,0,3,960,0.003,45,36.9,20.2,9.6,6.8,0.9,0.7,0.466,0.406,0.926,5.5,0.159
14.4,0.6,7.1,19.9,0.561,23.6,3.5,1991-92,Kevin Johnson,0.646341463,0,2,960,0.002,78,37.2,19.7,3.7,10.7,1.5,0.3,0.479,0.217,0.807,10,0.165
14.6,0.1,4.7,19.7,0.577,23.1,4.3,1991-92,Danny Manning,0.548780488,0,1,960,0.001,82,35.4,19.3,6.9,3.5,1.6,1.5,0.542,0,0.725,9.8,0.162
11.6,0.9,5.5,19.5,0.617,21.1,3.2,1991-92,Detlef Schrempf,0.487804878,0,1,960,0.001,80,32.6,17.3,9.6,3.9,0.8,0.5,0.536,0.324,0.828,9.8,0.181
18.1,2.9,7.7,25.9,0.596,26.9,7.8,1992-93,Charles Barkley,0.756097561,59,835,980,0.852,76,37.6,25.6,12.2,5.1,1.6,1,0.52,0.305,0.765,14.4,0.242
19.5,0.1,7,27.3,0.577,28.8,7.5,1992-93,Hakeem Olajuwon,0.670731707,22,647,980,0.66,82,39.5,26.1,13,3.5,1.8,4.2,0.529,0,0.779,15.8,0.234
25.7,2.9,7.3,29.7,0.564,34.7,11.2,1992-93,Michael Jordan,0.695121951,13,565,980,0.577,78,39.3,32.6,6.7,5.5,2.8,0.8,0.495,0.352,0.837,17.2,0.27
19.1,0.1,6.9,20.8,0.546,29.7,3.4,1992-93,Patrick Ewing,0.731707317,4,359,980,0.366,81,37.1,24.2,12.1,1.9,0.9,2,0.503,0.143,0.719,10.6,0.17
22.3,4.5,8.8,24.3,0.57,31.9,5.4,1992-93,Dominique Wilkins,0.524390244,0,54,980,0.055,71,37.3,29.9,6.8,3.2,1,0.4,0.468,0.38,0.828,10.5,0.191
16.4,0.2,9.3,24.2,0.569,26.4,6.4,1992-93,David Robinson,0.597560976,0,33,980,0.034,82,39.2,23.4,11.7,3.7,1.5,3.2,0.501,0.176,0.732,13.2,0.197
16.1,0,8.9,22.9,0.584,27,3.5,1992-93,Shaquille O'Neal,0.5,0,30,980,0.031,81,37.9,23.4,13.9,1.9,0.7,3.5,0.562,0,0.592,10.4,0.163
17.6,0.2,10.2,26.2,0.612,28.4,7.3,1992-93,Karl Malone,0.573170732,0,10,980,0.01,82,37.8,27,11.2,3.8,1.5,1,0.552,0.2,0.74,15.4,0.238
13.1,3.9,4.1,22.1,0.609,24.5,5.3,1992-93,Mark Price,0.658536585,0,10,980,0.01,75,31.7,18.2,2.7,8,1.2,0.1,0.484,0.416,0.948,9.8,0.197
12.8,0,6.9,22,0.635,21.1,4.9,1992-93,Brad Daugherty,0.658536585,0,1,980,0.001,71,37.9,20.2,10.2,4.4,0.7,0.8,0.571,0.5,0.795,12.7,0.226
16.7,2.7,6,20.7,0.517,26.1,5.5,1992-93,Clyde Drexler,0.62195122,0,1,980,0.001,49,34.1,19.9,6.3,5.7,1.9,0.8,0.429,0.233,0.839,6,0.171
18.9,3.9,5.2,17.6,0.555,24.5,2.1,1992-93,Joe Dumars,0.487804878,0,1,980,0.001,77,40.2,23.5,1.9,4,1,0.1,0.466,0.375,0.864,9.1,0.141
13.4,0.1,6.4,20.4,0.547,24.2,1.9,1992-93,Shawn Kemp,0.670731707,0,1,980,0.001,78,33.1,17.8,10.7,2,1.5,1.9,0.492,0,0.712,9.1,0.169
11,2.3,4.5,21.3,0.584,19.9,6.6,1992-93,John Stockton,0.573170732,0,1,980,0.001,82,34.9,15.1,2.9,12,2.4,0.3,0.486,0.385,0.798,10.6,0.177
21.2,0.2,6.8,25.3,0.565,29.8,6.8,1993-94,Hakeem Olajuwon,0.707317073,66,889,1010,0.88,80,41,27.3,11.9,3.6,1.6,3.7,0.528,0.421,0.716,14.3,0.21
20.7,0.4,11.6,30.7,0.577,32,11.9,1993-94,David Robinson,0.670731707,24,730,1010,0.723,80,40.5,29.8,10.7,4.8,1.7,3.3,0.507,0.345,0.749,20,0.296
17.8,2.7,5.7,23.2,0.544,27.1,7.7,1993-94,Scottie Pippen,0.670731707,7,390,1010,0.386,72,38.3,22,8.7,5.6,2.9,0.8,0.491,0.32,0.66,11.2,0.194
19.6,0,10.5,28.5,0.605,29,6.8,1993-94,Shaquille O'Neal,0.609756098,3,289,1010,0.286,81,39.8,29.3,13.2,2.4,0.9,2.9,0.599,0,0.554,16.9,0.252
19,0.2,7.4,22.9,0.551,29.8,5.2,1993-94,Patrick Ewing,0.695121951,1,255,1010,0.252,79,37.6,24.5,11.2,2.3,1.1,2.7,0.496,0.286,0.765,13.1,0.211
14.1,0.7,3.4,17.8,0.526,21.6,3.1,1993-94,Gary Payton,0.768292683,0,20,1010,0.02,82,35.1,16.5,3.3,6,2.3,0.2,0.504,0.278,0.595,9.3,0.155
12.5,0.1,6.2,22.9,0.593,24.2,4.4,1993-94,Shawn Kemp,0.768292683,0,17,1010,0.017,79,32.9,18.1,10.8,2.6,1.8,2.1,0.538,0.25,0.741,11.7,0.216
18.9,0.4,9,22.9,0.55,28,5.7,1993-94,Karl Malone,0.646341463,0,17,1010,0.017,82,40.6,25.2,11.5,4,1.5,1.5,0.497,0.25,0.694,13.4,0.193
13.2,3.9,3.5,22.7,0.586,24.6,6.4,1993-94,Mark Price,0.573170732,0,7,1010,0.007,76,31.4,17.3,3,7.8,1.4,0.1,0.478,0.397,0.888,10,0.201
16.1,2.7,7,22.8,0.563,26.5,5.2,1993-94,Charles Barkley,0.682926829,0,5,1010,0.005,65,35.4,21.6,11.2,4.6,1.6,0.6,0.495,0.27,0.704,8.8,0.185
13.3,4.2,2,19.6,0.487,19.8,5.7,1993-94,Mookie Blaylock,0.695121951,0,1,1010,0.001,81,36,13.8,5.2,9.7,2.6,0.5,0.411,0.334,0.73,10.2,0.168
14.6,0.4,6.9,20.6,0.566,24.3,3.4,1993-94,Kevin Johnson,0.682926829,0,1,1010,0.001,67,36.6,20,2.5,9.5,1.9,0.1,0.487,0.222,0.819,8.7,0.17
3.7,0.3,1.3,13.4,0.549,7.1,1,1993-94,Dennis Rodman,0.670731707,0,1,1010,0.001,79,37.8,4.7,17.3,2.3,0.7,0.4,0.534,0.208,0.52,8.7,0.14
17.3,4.8,5.6,15.9,0.532,21.5,1.9,1993-94,Latrell Sprewell,0.609756098,0,1,1010,0.001,82,43.1,21,4.9,4.7,2.2,0.9,0.433,0.361,0.774,8,0.108
10.6,1.8,4.1,22.5,0.608,19.1,8,1993-94,John Stockton,0.646341463,0,1,1010,0.001,82,36.2,15.1,3.1,12.6,2.4,0.3,0.528,0.322,0.805,13.2,0.214
21.5,4,7.1,21.4,0.529,32,2.6,1993-94,Dominique Wilkins,0.5,0,1,1010,0.001,74,35.6,26,6.5,2.3,1.2,0.4,0.44,0.288,0.847,8.4,0.153
15.7,0.3,4.7,19.4,0.538,24.1,0.4,1993-94,Kevin Willis,0.695121951,0,1,1010,0.001,80,35.8,19.1,12,1.9,1,0.5,0.499,0.375,0.713,10.2,0.17
18.4,0.2,10.5,29.1,0.602,29.9,9.2,1994-95,David Robinson,0.756097561,73,901,1050,0.858,81,38,27.6,10.8,2.9,1.7,3.2,0.53,0.3,0.774,17.5,0.273
20.2,0.1,10.8,28.6,0.588,31.9,5.8,1994-95,Shaquille O'Neal,0.695121951,12,605,1050,0.576,79,37,29.3,11.4,2.7,0.9,2.4,0.583,0,0.533,14,0.23
18.9,0.5,8.5,25.1,0.59,30.3,5.6,1994-95,Karl Malone,0.731707317,14,532,1050,0.507,82,38.1,26.7,10.6,3.5,1.6,1,0.536,0.268,0.742,13.8,0.212
18.4,0.3,7.1,21.9,0.555,30.7,3.5,1994-95,Patrick Ewing,0.670731707,2,230,1050,0.219,79,37,23.9,11,2.7,0.9,2,0.503,0.286,0.75,9.6,0.157
21.5,0.2,7.5,26,0.563,31.7,5.4,1994-95,Hakeem Olajuwon,0.573170732,1,147,1050,0.14,72,39.6,27.8,10.8,3.5,1.8,3.4,0.517,0.188,0.756,10.7,0.181
16.8,3.2,7.5,25.2,0.572,27.5,6.3,1994-95,Charles Barkley,0.719512195,1,96,1050,0.091,68,35,23,11.1,4.1,1.6,0.7,0.486,0.338,0.748,10.6,0.214
16.7,4,5.6,22.6,0.559,26.3,7.5,1994-95,Scottie Pippen,0.573170732,1,83,1050,0.079,79,38.2,21.4,8.1,5.2,2.9,1.1,0.48,0.345,0.716,11.8,0.188
9.6,2.8,3.7,23.3,0.651,18.9,9,1994-95,John Stockton,0.731707317,1,47,1050,0.045,82,35,14.7,3.1,12.3,2.4,0.3,0.542,0.449,0.804,13.9,0.233
16.4,2.8,4.2,21.3,0.564,24.4,4.9,1994-95,Gary Payton,0.695121951,0,34,1050,0.032,82,36.8,20.6,3.4,7.1,2.5,0.2,0.509,0.302,0.716,11.7,0.187
14.8,3.2,6,20.8,0.599,23.7,4.1,1994-95,Anfernee Hardaway,0.695121951,0,23,1050,0.022,77,37.7,20.9,4.4,7.2,1.7,0.3,0.512,0.349,0.769,10.7,0.177
23.8,1.9,8,22.1,0.493,33.2,4.2,1994-95,Michael Jordan,0.573170732,0,12,1050,0.011,17,39.3,26.9,6.9,5.3,1.8,0.8,0.411,0.5,0.801,2.3,0.167
4.9,0,2.3,16.6,0.604,10.9,1.8,1994-95,Dennis Rodman,0.756097561,0,9,1050,0.009,49,32,7.1,16.8,2,0.6,0.5,0.571,0,0.676,5.8,0.178
10.8,3.3,3.5,15.1,0.471,19,1.2,1994-95,Jason Kidd,0.43902439,0,7,1050,0.007,79,33.8,11.7,5.4,7.7,1.9,0.3,0.385,0.272,0.698,3.7,0.066
16.3,5.4,5.8,22.4,0.577,25.7,6.5,1994-95,Clyde Drexler,0.5,0,3,1050,0.003,76,35.9,21.8,6.3,4.8,1.8,0.6,0.461,0.36,0.824,11.7,0.206
16.8,2.5,5,19.9,0.57,26.5,0.9,1994-95,Cedric Ceballos,0.585365854,0,1,1050,0.001,58,35,21.7,8,1.8,1,0.3,0.509,0.397,0.716,5.2,0.123
22.6,3.2,8,29.4,0.582,33.3,10.5,1995-96,Michael Jordan,0.87804878,109,1114,1130,0.986,82,37.7,30.4,6.6,4.3,2.2,0.5,0.495,0.427,0.834,20.4,0.317
16.8,0.1,10,29.4,0.589,28.8,8.9,1995-96,David Robinson,0.719512195,0,574,1130,0.508,82,36.8,25,12.2,3,1.4,3.3,0.516,0.333,0.761,18.3,0.29
14.8,3.5,7.1,24.6,0.605,25.5,7.2,1995-96,Anfernee Hardaway,0.731707317,2,360,1130,0.319,82,36.8,21.7,4.3,7.1,2,0.5,0.513,0.314,0.767,14.4,0.229
20.8,0.2,7.6,25.5,0.558,31.9,4.9,1995-96,Hakeem Olajuwon,0.585365854,1,238,1130,0.211,72,38.8,26.9,10.9,3.6,1.6,2.9,0.514,0.214,0.724,9.7,0.166
15.8,5.2,4.2,21,0.551,24.4,6.3,1995-96,Scottie Pippen,0.87804878,0,226,1130,0.2,77,36.7,19.4,6.4,5.9,1.7,0.7,0.463,0.374,0.679,12.3,0.209
15.8,3.7,3.8,19.6,0.554,23.6,4.6,1995-96,Gary Payton,0.780487805,0,98,1130,0.087,81,39,19.3,4.2,7.5,2.9,0.2,0.484,0.328,0.748,11.5,0.174
18.5,0.5,8.6,26,0.575,29.8,7,1995-96,Karl Malone,0.670731707,1,85,1130,0.075,82,38,25.7,9.8,4.2,1.7,0.7,0.519,0.4,0.723,15.1,0.233
11.9,0.2,8.4,22.6,0.631,26.2,2.8,1995-96,Shawn Kemp,0.780487805,0,73,1130,0.065,79,33.3,19.6,11.4,2.2,1.2,1.6,0.561,0.417,0.742,11.2,0.205
15.3,0.3,8.1,20.9,0.537,25.9,4.8,1995-96,Grant Hill,0.56097561,0,63,1130,0.056,80,40.8,20.2,9.8,6.9,1.3,0.6,0.462,0.192,0.751,11.7,0.172
19.1,0,9.5,26.4,0.57,32.8,3.7,1995-96,Shaquille O'Neal,0.731707317,0,63,1130,0.056,54,36,26.6,11,2.9,0.6,2.1,0.573,0.5,0.487,6.9,0.171
10,2.7,3.4,21.9,0.642,18.7,6.8,1995-96,John Stockton,0.670731707,0,12,1130,0.011,82,35.5,14.7,2.8,11.2,1.7,0.2,0.538,0.422,0.83,13,0.214
16.3,2.5,8,24.8,0.585,27.5,5.7,1995-96,Charles Barkley,0.5,0,8,1130,0.007,71,37.1,23.2,11.6,3.7,1.6,0.8,0.5,0.28,0.777,10.5,0.191
9.2,1.8,6.3,21.1,0.612,22.7,5.2,1995-96,Magic Johnson,0.646341463,0,8,1130,0.007,32,29.9,14.6,5.7,6.9,0.8,0.4,0.466,0.379,0.856,3.6,0.181
15.4,0.4,10.2,22.7,0.584,28.1,4.2,1995-96,Alonzo Mourning,0.512195122,0,6,1130,0.005,70,38.2,23.2,10.4,2.3,1,2.7,0.523,0.3,0.685,9.9,0.178
4.8,0.4,1.7,13.6,0.501,10.3,0,1995-96,Dennis Rodman,0.87804878,0,4,1130,0.004,64,32.6,5.5,14.9,2.5,0.6,0.4,0.48,0.111,0.528,6.2,0.143
14.6,3.1,5.1,25.2,0.573,27.6,7.5,1995-96,Terrell Brandon,0.573170732,0,3,1130,0.003,75,34.3,19.3,3.3,6.5,1.8,0.4,0.465,0.387,0.887,12.7,0.237
16.9,6.4,6.1,19.2,0.591,26.9,3.5,1995-96,Mitch Richmond,0.475609756,0,3,1130,0.003,81,36.4,23.1,3.3,3.1,1.5,0.2,0.447,0.437,0.866,9.3,0.151
19.2,0.2,8.4,28.9,0.6,32.7,8.2,1996-97,Karl Malone,0.780487805,63,986,1150,0.857,82,36.6,27.4,9.9,4.5,1.4,0.6,0.55,0,0.755,16.7,0.268
23.1,3.6,7,27.8,0.567,33.2,8.9,1996-97,Michael Jordan,0.841463415,52,957,1150,0.832,82,37.9,29.6,5.9,4.3,1.7,0.5,0.486,0.374,0.833,18.3,0.283
15.7,0.4,7.9,25.5,0.556,28.3,8.2,1996-97,Grant Hill,0.658536585,0,376,1150,0.327,80,39.3,21.4,9,7.3,1.8,0.6,0.496,0.303,0.711,14.6,0.223
17.1,7.3,4.5,20.8,0.532,26.6,6.2,1996-97,Tim Hardaway,0.743902439,0,238,1150,0.207,81,38.7,20.3,3.4,8.6,1.9,0.1,0.415,0.344,0.799,12.9,0.198
19.2,5.6,6.8,19.7,0.605,26.9,1.8,1996-97,Glen Rice,0.658536585,0,134,1150,0.117,79,42.6,26.8,4,2,0.9,0.3,0.477,0.47,0.867,10.8,0.154
18.1,4.6,4.3,21.8,0.545,26.4,5.5,1996-97,Gary Payton,0.695121951,0,105,1150,0.091,82,39.2,21.8,4.6,7.1,2.4,0.2,0.476,0.313,0.715,12.9,0.193
18.3,0.2,5.7,22.7,0.558,30.4,3.5,1996-97,Hakeem Olajuwon,0.695121951,0,95,1150,0.083,78,36.6,23.2,9.2,3,1.5,2.2,0.51,0.313,0.787,9.1,0.154
17.2,0.1,7.5,21.3,0.548,29.8,2.8,1996-97,Patrick Ewing,0.695121951,0,57,1150,0.05,78,37,22.4,10.7,2,0.9,2.4,0.488,0.222,0.754,9.8,0.163
11.3,0,5.9,18.9,0.585,17.6,3.5,1996-97,Anthony Mason,0.658536585,0,7,1150,0.006,73,43.1,16.2,11.4,5.7,1,0.5,0.525,0.333,0.745,11.4,0.173
19.4,0.1,9.4,27.1,0.556,31.1,6.5,1996-97,Shaquille O'Neal,0.682926829,0,7,1150,0.006,51,38.1,26.2,12.5,3.1,0.9,2.9,0.557,0,0.484,8,0.197
16.7,5.2,3.5,21.3,0.554,24.6,5.7,1996-97,Scottie Pippen,0.841463415,0,6,1150,0.005,82,37.7,20.2,6.5,5.7,1.9,0.5,0.474,0.368,0.701,13.1,0.203
13.4,0.1,8.6,21.6,0.578,27.5,2.9,1996-97,Alonzo Mourning,0.743902439,0,5,1150,0.004,66,35.2,19.8,9.9,1.6,0.8,2.9,0.534,0.111,0.642,8.4,0.174
9,0,5.4,19,0.584,17.4,2.7,1996-97,Dikembe Mutombo,0.682926829,0,4,1150,0.003,80,37.2,13.3,11.6,1.4,0.6,3.3,0.527,0,0.705,11.3,0.183
19.5,5.9,6.6,21.6,0.578,29.4,4.6,1996-97,Mitch Richmond,0.414634146,0,4,1150,0.003,81,38.6,25.9,3.9,4.2,1.5,0.3,0.454,0.428,0.861,10.8,0.166
9.3,2.2,4,22.1,0.656,18.4,6.6,1996-97,John Stockton,0.780487805,0,3,1150,0.003,82,35.3,14.4,2.8,10.5,2,0.2,0.548,0.422,0.846,13.6,0.226
13.1,3.9,7.8,23,0.581,23.2,5.7,1996-97,Charles Barkley,0.695121951,0,2,1150,0.002,53,37.9,19.2,13.5,4.7,1.3,0.5,0.484,0.283,0.694,9.4,0.224
16.5,1.1,7,19,0.526,27.5,1.7,1996-97,Tom Gugliotta,0.487804878,0,1,1150,0.001,81,38.7,20.6,8.7,4.1,1.6,1.1,0.442,0.258,0.82,6.7,0.103
19.8,6,7.2,18,0.513,28.9,0.9,1996-97,Allen Iverson,0.268292683,0,1,1150,0.001,76,40.1,23.5,4.1,7.5,2.1,0.3,0.416,0.341,0.702,4.1,0.065
12.7,2.9,7.4,22.9,0.631,22.6,5,1996-97,Kevin Johnson,0.487804878,0,1,1150,0.001,70,38,20.1,3.6,9.3,1.5,0.2,0.496,0.441,0.852,11.7,0.211
15.9,5.4,5.5,17.4,0.548,25,1.7,1996-97,Steve Smith,0.682926829,0,1,1150,0.001,72,39.1,20.1,3.3,4.2,0.9,0.3,0.429,0.335,0.847,9.1,0.154
23.1,1.5,8.8,25.2,0.533,33.7,6.9,1997-98,Michael Jordan,0.756097561,92,1084,1160,0.934,82,38.8,28.7,5.8,3.5,1.7,0.5,0.465,0.238,0.784,15.8,0.238
18.2,0.1,10.2,27.9,0.597,31.8,7.3,1997-98,Karl Malone,0.756097561,20,842,1160,0.726,81,37.4,27,10.3,3.9,1.2,0.9,0.53,0.333,0.761,16.4,0.259
15.6,4.8,4.6,21.6,0.544,24.6,5.1,1997-98,Gary Payton,0.743902439,3,431,1160,0.372,82,38.4,19.2,4.6,8.3,2.3,0.2,0.453,0.338,0.744,12.5,0.19
19.1,0,11.4,28.8,0.587,32.9,5.8,1997-98,Shaquille O'Neal,0.743902439,1,311,1160,0.268,60,36.3,28.3,11.4,2.4,0.7,2.4,0.584,0,0.527,10.2,0.224
15.7,0.1,5.9,22.6,0.577,26,4.6,1997-98,Tim Duncan,0.682926829,0,148,1160,0.128,82,39.1,21.1,11.9,2.7,0.7,2.5,0.549,0,0.662,12.8,0.192
16,5.5,4.1,20.6,0.53,25.6,5.2,1997-98,Tim Hardaway,0.670731707,0,71,1160,0.061,81,37.4,18.9,3.7,8.3,1.7,0.2,0.431,0.351,0.781,11.7,0.185
14.6,0.1,9,27.8,0.581,29.7,8.3,1997-98,David Robinson,0.682926829,0,36,1160,0.031,73,33.7,21.6,10.6,2.7,0.9,2.6,0.511,0.25,0.735,13.8,0.269
14.2,0.1,6.4,20.4,0.564,24.7,1,1997-98,Vin Baker,0.743902439,0,24,1160,0.021,82,35.9,19.2,8,1.9,1.1,1,0.542,0.143,0.591,10.4,0.169
16.8,0.3,8,21.2,0.52,27.3,4.7,1997-98,Grant Hill,0.451219512,0,23,1160,0.02,81,40.7,21.1,7.7,6.8,1.8,0.7,0.452,0.143,0.74,10.2,0.149
16,4.4,4.4,20.4,0.533,24.4,5,1997-98,Scottie Pippen,0.756097561,0,14,1160,0.012,44,37.5,19.1,5.2,5.8,1.8,1,0.447,0.318,0.777,6.6,0.193
16.9,3.7,6.1,17.4,0.568,25.1,0.9,1997-98,Glen Rice,0.62195122,0,7,1160,0.006,82,40.2,22.3,4.3,2.2,0.9,0.3,0.457,0.433,0.849,9.3,0.136
20.8,3.6,5.8,17.8,0.481,29.2,0.6,1997-98,Antoine Walker,0.43902439,0,6,1160,0.005,82,39.9,22.4,10.2,3.3,1.7,0.7,0.423,0.312,0.645,4.7,0.07
10.5,2.8,2.5,16.4,0.502,17.6,3.1,1997-98,Jason Kidd,0.682926829,0,5,1160,0.004,82,38,11.6,6.2,9.1,2,0.3,0.416,0.313,0.799,8,0.123
8,1.4,3.6,21.8,0.628,19.3,5.6,1997-98,John Stockton,0.756097561,0,5,1160,0.004,64,29,12,2.6,8.5,1.4,0.2,0.528,0.429,0.827,8,0.206
17.4,4.8,6.7,20.4,0.569,27.8,3.6,1997-98,Mitch Richmond,0.329268293,0,3,1160,0.003,70,36.7,23.2,3.3,4,1.3,0.2,0.445,0.389,0.864,7.9,0.148
13.3,4.7,5.4,19.8,0.619,23.9,4.8,1997-98,Reggie Miller,0.707317073,0,2,1160,0.002,81,34.5,19.5,2.9,2.1,1,0.1,0.477,0.429,0.868,12,0.206
14.2,0,3.3,19.9,0.532,29.2,0.9,1997-98,Rik Smits,0.707317073,0,2,1160,0.002,73,28.6,16.7,6.9,1.4,0.5,1.2,0.495,0,0.783,6.1,0.141
18.4,3,5.1,19.3,0.522,25.7,2.5,1997-98,Michael Finley,0.243902439,0,1,1160,0.001,82,41.4,21.5,5.3,4.9,1.6,0.4,0.449,0.357,0.784,7.5,0.106
14.9,0.6,6.5,19.6,0.501,23.7,2.9,1997-98,Rod Strickland,0.512195122,0,1,1160,0.001,76,39.7,17.8,5.3,10.5,1.7,0.3,0.434,0.25,0.726,8.1,0.129
16.3,0,9.8,25.6,0.577,30.5,6.7,1998-99,Karl Malone,0.74,44,827,1180,0.701,49,37.4,23.8,9.4,4.1,1.3,0.6,0.493,0,0.788,9.6,0.252
13.8,0,9.2,24.6,0.563,27.1,4.9,1998-99,Alonzo Mourning,0.66,36,773,1180,0.655,46,38.1,20.1,11,1.6,0.7,3.9,0.511,0,0.652,7.9,0.216
16.9,0.1,7.2,23.2,0.541,27.2,4.5,1998-99,Tim Duncan,0.74,30,740,1180,0.627,50,39.3,21.7,11.4,2.4,0.9,2.5,0.495,0.143,0.69,8.7,0.213
22,4.1,9.9,22.2,0.508,32.6,5.7,1998-99,Allen Iverson,0.56,5,319,1180,0.27,48,41.5,26.8,4.9,4.6,2.3,0.1,0.412,0.291,0.751,7.2,0.173
14,2.5,4.8,22.5,0.527,21.4,5.5,1998-99,Jason Kidd,0.54,2,159,1180,0.135,50,41.2,16.9,6.8,10.8,2.3,0.4,0.444,0.366,0.757,8.1,0.188
18.1,0,10.2,30.6,0.584,32.4,7.1,1998-99,Shaquille O'Neal,0.62,1,89,1180,0.075,49,34.8,26.3,10.7,2.3,0.7,1.7,0.576,0,0.54,9,0.255
18.5,0.8,4.1,19.5,0.491,24.9,1.9,1998-99,Chris Webber,0.54,0,51,1180,0.043,42,40.9,20,13,4.1,1.4,2.1,0.486,0.118,0.454,3.6,0.102
16,0.3,7.6,23.9,0.543,29.6,6.2,1998-99,Grant Hill,0.58,0,39,1180,0.033,50,37,21.1,7.1,6,1.6,0.5,0.479,0,0.752,7.3,0.189
18.5,5.6,5.5,23.1,0.519,27.1,5.1,1998-99,Gary Payton,0.5,0,35,1180,0.03,50,40.2,21.7,4.9,8.7,2.2,0.2,0.434,0.295,0.721,7.2,0.172
19.1,0.3,4.4,22.4,0.493,27.8,5.3,1998-99,Kevin Garnett,0.5,0,9,1180,0.008,47,37.9,20.8,10.4,4.3,1.7,1.8,0.46,0.286,0.704,5.4,0.146
13.7,0,9.3,23.6,0.578,28.9,4.2,1998-99,Shawn Kemp,0.44,0,7,1180,0.006,42,35.1,20.5,9.2,2.4,1.1,1.1,0.482,0.5,0.789,6.3,0.205
10.8,0,7.4,24.9,0.564,23.8,6.7,1998-99,David Robinson,0.74,0,6,1180,0.005,49,31.7,15.8,10,2.1,1.4,2.4,0.509,0,0.658,8.4,0.261
14.5,0.3,5.4,23.1,0.559,25.9,3.2,1998-99,Hakeem Olajuwon,0.62,0,3,1180,0.003,50,35.7,18.9,9.6,1.8,1.6,2.5,0.514,0.308,0.717,6.5,0.175
9.6,0.5,3.5,20.4,0.546,21.7,4.2,1998-99,Arvydas Sabonis,0.7,0,3,1180,0.003,50,27,12.1,7.9,2.4,0.7,1.3,0.485,0.292,0.771,5.8,0.207
10.4,3.8,3.6,22.2,0.575,22.9,6.7,1998-99,Darrell Armstrong,0.66,0,2,1180,0.002,50,30,13.8,3.6,6.7,2.2,0.1,0.441,0.365,0.904,6.4,0.205
15.3,1.3,5.4,19.6,0.516,25.6,2.8,1998-99,Vince Carter,0.46,0,1,1180,0.001,50,35.2,18.3,5.7,3,1.1,1.5,0.45,0.288,0.761,5,0.136
14.3,2.8,4.2,16.7,0.488,22.4,2.8,1998-99,Anfernee Hardaway,0.66,0,1,1180,0.001,50,38.9,15.8,5.7,5.3,2.2,0.5,0.42,0.286,0.706,5,0.122
6.7,2.1,1.6,17.9,0.513,16,3,1998-99,Mark Jackson,0.66,0,1,1180,0.001,49,28.2,7.6,3.8,7.9,0.9,0.1,0.419,0.311,0.823,3.8,0.134
16.1,1.7,3.4,19.7,0.523,28.2,1.9,1998-99,Glenn Robinson,0.56,0,1,1180,0.001,47,33.6,18.4,5.9,2.1,1,0.9,0.459,0.392,0.87,4,0.122
15,3.9,6.3,17.9,0.526,26.4,3.1,1998-99,Steve Smith,0.62,0,1,1180,0.001,36,36.5,18.7,4.2,3.3,1,0.3,0.402,0.338,0.849,4.4,0.162
9.7,0.6,3.7,16.7,0.566,20.5,2,1998-99,Rasheed Wallace,0.7,0,1,1180,0.001,49,28.9,12.8,4.9,1.2,1,1.1,0.508,0.419,0.732,5,0.169
21.1,0,10.4,30.6,0.578,31.2,9.3,1999-00,Shaquille O'Neal,0.817073171,120,1207,1210,0.998,79,40,29.7,13.6,3.8,0.5,3,0.574,0,0.524,18.6,0.283
18.8,1,5,23.6,0.545,27.4,6.3,1999-00,Kevin Garnett,0.609756098,0,408,1210,0.337,81,40,22.9,11.8,5,1.5,1.6,0.497,0.37,0.765,11.6,0.172
15,0.1,7.4,25.8,0.596,28.1,5.3,1999-00,Alonzo Mourning,0.634146341,0,367,1210,0.303,79,34.8,21.7,9.5,1.6,0.5,3.7,0.551,0,0.711,12.9,0.226
18,0.1,9,27.1,0.582,31.9,7.5,1999-00,Karl Malone,0.670731707,0,312,1210,0.258,82,35.9,25.5,9.5,3.7,1,0.9,0.509,0.25,0.797,15.3,0.249
17.3,0.1,8.1,24.8,0.555,28.7,5.6,1999-00,Tim Duncan,0.646341463,0,248,1210,0.205,74,38.9,23.2,12.4,3.2,0.9,2.2,0.49,0.091,0.761,13,0.218
20.3,6.3,5.2,23.6,0.535,26.8,6.4,1999-00,Gary Payton,0.548780488,0,180,1210,0.149,82,41.8,24.2,6.5,8.9,1.9,0.2,0.448,0.34,0.735,13.9,0.195
24.8,3.7,8.9,20,0.496,34.4,3.2,1999-00,Allen Iverson,0.597560976,1,132,1210,0.109,70,40.8,28.4,3.8,4.7,2.1,0.1,0.421,0.341,0.713,6.9,0.116
19.2,1.3,8.2,24.5,0.565,30.5,5.4,1999-00,Grant Hill,0.512195122,0,113,1210,0.093,74,37.5,25.8,6.6,5.2,1.4,0.6,0.489,0.347,0.795,10.7,0.185
20.6,1.3,5.5,23.4,0.53,28.2,5.7,1999-00,Chris Webber,0.536585366,0,96,1210,0.079,75,38.4,24.5,10.5,4.6,1.6,1.7,0.483,0.284,0.751,10.7,0.179
20.7,2.9,6.7,23.4,0.543,30,5.5,1999-00,Vince Carter,0.548780488,0,51,1210,0.042,82,38.1,25.7,5.8,3.9,1.3,1.1,0.465,0.403,0.791,11.8,0.182
12.8,2.5,3.7,18.4,0.498,20,4.3,1999-00,Jason Kidd,0.646341463,0,25,1210,0.021,67,39,14.3,7.2,10.1,2,0.4,0.409,0.337,0.829,8.5,0.156
17.9,2.2,6.1,21.7,0.546,26.8,5.1,1999-00,Kobe Bryant,0.817073171,0,3,1210,0.002,66,38.2,22.5,6.3,4.9,1.6,0.9,0.468,0.319,0.821,10.6,0.202
13.6,4.9,3,19.5,0.542,23.9,4.5,1999-00,Darrell Armstrong,0.5,0,1,1210,0.001,82,31.6,16.2,3.3,6.1,2.1,0.1,0.433,0.34,0.911,8,0.149
20,3,3.9,19.2,0.522,25.1,2.1,1999-00,Michael Finley,0.487804878,0,1,1210,0.001,82,42.2,22.6,6.3,5.3,1.3,0.4,0.457,0.401,0.82,8.3,0.114
12.9,5,5,17.3,0.603,20.5,2.7,1999-00,Reggie Miller,0.682926829,0,1,1210,0.001,81,36.9,18.1,3,2.3,1,0.3,0.448,0.408,0.919,10.1,0.162
15,2.5,3.8,16.7,0.547,23.2,1.4,1999-00,Jalen Rose,0.682926829,0,1,1210,0.001,80,37.2,18.2,4.8,4,1.1,0.6,0.471,0.393,0.827,7.3,0.118
25.5,4.3,10.1,24,0.518,35.9,6.1,2000-01,Allen Iverson,0.682926829,93,1121,1240,0.904,71,42,31.1,3.8,4.6,2.5,0.3,0.42,0.32,0.814,11.8,0.19
17.1,0.3,8.1,23.8,0.536,28.7,4.7,2000-01,Tim Duncan,0.707317073,18,706,1240,0.569,82,38.7,22.2,12.2,3,0.9,2.3,0.499,0.259,0.618,13.2,0.2
19.2,0,13.1,30.2,0.574,31.6,7.7,2000-01,Shaquille O'Neal,0.682926829,7,578,1240,0.466,74,39.5,28.7,12.7,3.7,0.6,2.8,0.572,0,0.513,14.9,0.245
23.4,0.4,6.6,24.7,0.516,31.6,5.5,2000-01,Chris Webber,0.670731707,5,521,1240,0.42,70,40.5,27.1,11.1,4.2,1.3,1.7,0.481,0.071,0.703,11,0.186
18.2,0.8,5.8,23.9,0.531,27,6,2000-01,Kevin Garnett,0.573170732,1,151,1240,0.122,81,39.5,22,11.4,5,1.4,1.8,0.477,0.288,0.764,11.8,0.176
22.4,2.2,7.6,24.9,0.521,31.2,7,2000-01,Tracy McGrady,0.524390244,0,64,1240,0.052,77,40.1,26.8,7.5,4.6,1.5,1.5,0.457,0.355,0.733,12.2,0.189
16.6,0.1,8.3,24.7,0.572,30,6.6,2000-01,Karl Malone,0.646341463,0,21,1240,0.017,81,35.7,23.2,8.3,4.5,1.1,0.8,0.498,0.4,0.793,13.1,0.217
14.2,3,5.2,19.4,0.51,22.7,4.2,2000-01,Jason Kidd,0.62195122,0,18,1240,0.015,77,39.8,16.9,6.4,9.8,2.2,0.3,0.411,0.297,0.814,9.6,0.15
22.2,2.9,8.2,24.5,0.552,31.8,4.8,2000-01,Kobe Bryant,0.682926829,0,11,1240,0.009,68,40.9,28.5,5.9,5,1.7,0.6,0.464,0.305,0.853,11.3,0.196
10.3,0,5.9,23.7,0.559,22.8,5.2,2000-01,David Robinson,0.707317073,0,8,1240,0.006,80,29.6,14.4,8.6,1.5,1,2.5,0.486,0,0.747,12.1,0.246
16,5.7,4.8,22.9,0.61,24.4,5.5,2000-01,Ray Allen,0.634146341,0,7,1240,0.006,82,38.2,22,5.2,4.6,1.5,0.2,0.48,0.433,0.888,13.7,0.211
22.1,5.3,6.7,25,0.551,30.7,7.6,2000-01,Vince Carter,0.573170732,0,7,1240,0.006,75,39.7,27.6,5.5,3.9,1.5,1.1,0.46,0.408,0.765,12.9,0.208
18.5,4.7,9,22.3,0.563,30.6,4.4,2000-01,Paul Pierce,0.43902439,0,5,1240,0.004,82,38,25.3,6.4,3.1,1.7,0.8,0.454,0.383,0.745,10.4,0.16
24.1,5.9,10.1,21.8,0.521,35.2,5.1,2000-01,Jerry Stackhouse,0.390243902,0,3,1240,0.002,80,40.2,29.8,3.9,5.1,1.2,0.7,0.402,0.351,0.822,9.2,0.137
18.9,3.2,4,18.2,0.521,24.9,1.9,2000-01,Michael Finley,0.646341463,0,1,1240,0.001,82,42,21.5,5.2,4.4,1.4,0.4,0.458,0.346,0.775,8.5,0.119
11.9,0,5.9,17.4,0.555,20,1.9,2000-01,Anthony Mason,0.609756098,0,1,1240,0.001,80,40.7,16.1,9.6,3.1,1,0.3,0.482,0,0.781,11.6,0.171
7.9,1.6,3.4,22.3,0.61,18.8,6.7,2000-01,John Stockton,0.646341463,0,1,1240,0.001,82,29.2,11.5,2.8,8.7,1.6,0.3,0.504,0.462,0.817,10.8,0.216
18.3,0.1,8.5,27,0.576,29,7.6,2001-02,Tim Duncan,0.707317073,57,954,1260,0.757,82,40.6,25.5,12.7,3.7,0.7,2.5,0.508,0.1,0.799,17.8,0.257
13.9,4.4,3,19.1,0.484,22.5,4.5,2001-02,Jason Kidd,0.634146341,45,897,1260,0.712,82,37.3,14.7,7.3,9.9,2.1,0.2,0.391,0.321,0.814,8.9,0.14
18.3,0,10.7,29.7,0.59,31.8,8,2001-02,Shaquille O'Neal,0.707317073,15,696,1260,0.552,67,36.1,27.2,10.7,3,0.6,2,0.579,0,0.555,13.2,0.262
20.9,3.7,7.3,25.1,0.532,31.1,6.8,2001-02,Tracy McGrady,0.536585366,7,390,1260,0.31,76,38.3,25.6,7.9,5.3,1.6,1,0.451,0.364,0.748,11.5,0.189
20,1.7,7.4,23.2,0.544,30.4,4.6,2001-02,Kobe Bryant,0.707317073,1,98,1260,0.078,80,38.3,25.2,5.5,5.5,1.5,0.4,0.469,0.25,0.829,12.7,0.199
19.2,2.9,4.1,22.9,0.526,27.2,5.1,2001-02,Gary Payton,0.548780488,1,54,1260,0.043,82,40.3,22.1,4.8,9,1.6,0.3,0.467,0.314,0.797,12.6,0.183
19.9,0.4,6.3,24.4,0.54,29,5.4,2001-02,Chris Webber,0.743902439,0,37,1260,0.029,54,38.4,24.5,10.1,4.8,1.7,1.4,0.495,0.263,0.749,8.6,0.2
16.6,4.6,6.8,24.1,0.599,25.5,5.5,2001-02,Dirk Nowitzki,0.695121951,0,31,1260,0.025,76,38,23.4,9.9,2.4,1.1,1,0.477,0.397,0.853,13.4,0.222
27.8,4.5,9.8,21.9,0.489,37.8,4.8,2001-02,Allen Iverson,0.524390244,0,29,1260,0.023,60,43.7,31.4,4.5,5.5,2.8,0.2,0.398,0.291,0.812,6.9,0.126
6,0,2.9,18.6,0.522,10.5,4.5,2001-02,Ben Wallace,0.609756098,0,24,1260,0.019,80,36.5,7.6,13,1.4,1.7,3.5,0.531,0,0.423,11.6,0.19
19.5,6.3,7.8,22.3,0.57,29.3,5.9,2001-02,Paul Pierce,0.597560976,0,22,1260,0.017,82,40.3,26.1,6.9,3.2,1.9,1,0.442,0.404,0.809,12.9,0.187
17.3,1.4,5.5,23.8,0.536,26,6.8,2001-02,Kevin Garnett,0.609756098,0,17,1260,0.013,81,39.2,21.2,12.1,5.2,1.2,1.6,0.47,0.319,0.801,12.8,0.194
22.1,0.9,5.6,20.7,0.468,36,3.1,2001-02,Michael Jordan,0.451219512,0,16,1260,0.013,60,34.9,22.9,5.7,5.2,1.4,0.4,0.416,0.189,0.79,3.3,0.075
13.3,4.2,3.6,20.7,0.602,23,3.1,2001-02,Steve Nash,0.695121951,0,5,1260,0.004,82,34.6,17.9,3.1,7.7,0.6,0,0.483,0.455,0.887,9.9,0.167
17.4,3.9,7.6,19,0.518,32.3,1.5,2001-02,Jerry Stackhouse,0.609756098,0,3,1260,0.002,76,35.3,21.4,4.1,5.3,1,0.5,0.397,0.287,0.858,5.8,0.104
12.3,1.7,2.4,14.9,0.513,19.7,0.4,2001-02,Mike Bibby,0.743902439,0,1,1260,0.001,80,33.2,13.7,2.8,5,1.1,0.2,0.453,0.37,0.803,6.3,0.113
12.6,0,6.6,23.6,0.586,21.1,4.3,2001-02,Elton Brand,0.475609756,0,1,1260,0.001,80,37.8,18.2,11.6,2.4,1,2,0.527,0,0.742,13.6,0.216
15.9,4.4,4.5,19.3,0.592,23.2,3,2001-02,Peja Stojakovi,0.743902439,0,1,1260,0.001,71,37.3,21.2,5.3,2.5,1.1,0.2,0.484,0.416,0.876,9.9,0.179
17.2,0.3,7.8,26.9,0.564,28,7.6,2002-03,Tim Duncan,0.731707317,60,962,1190,0.808,81,39.3,23.3,12.9,3.9,0.7,2.9,0.513,0.273,0.71,16.5,0.248
18.1,0.9,6.1,26.4,0.553,26.4,8.4,2002-03,Kevin Garnett,0.62195122,43,871,1190,0.732,82,40.5,23,13.4,6,1.4,1.6,0.502,0.282,0.751,15.6,0.225
23.5,4,8.7,26.2,0.55,32.9,7.1,2002-03,Kobe Bryant,0.609756098,8,496,1190,0.417,82,41.5,30,6.9,5.9,2.2,0.8,0.451,0.383,0.843,14.9,0.21
24.2,6,9.7,30.3,0.564,35.2,10.5,2002-03,Tracy McGrady,0.512195122,4,427,1190,0.359,75,39.4,32.1,6.5,5.5,1.7,0.8,0.457,0.386,0.793,16.1,0.262
18.1,0,10.8,29.5,0.602,30.2,6.5,2002-03,Shaquille O'Neal,0.609756098,3,126,1190,0.106,67,37.8,27.5,11.1,3.1,0.6,2.4,0.574,0,0.622,13.2,0.25
23.7,3.7,9,21.2,0.5,32.9,3.5,2002-03,Allen Iverson,0.585365854,0,83,1190,0.07,82,42.5,27.6,4.2,5.5,2.7,0.2,0.414,0.277,0.774,9.2,0.127
18.6,4.9,6.9,25.6,0.581,27.4,7.2,2002-03,Dirk Nowitzki,0.731707317,0,43,1190,0.036,80,39,25.1,9.9,3,1.4,1,0.463,0.379,0.881,16.1,0.249
6,0.1,2.6,17.2,0.486,10.2,3.9,2002-03,Ben Wallace,0.609756098,1,33,1190,0.028,73,39.4,6.9,15.4,1.6,1.4,3.2,0.481,0.167,0.45,10.6,0.176
15.6,4.6,5,22.2,0.526,25.9,6.6,2002-03,Jason Kidd,0.597560976,0,31,1190,0.026,80,37.4,18.7,6.3,8.9,2.2,0.3,0.414,0.341,0.841,11.3,0.182
21.4,0.3,5.3,20.9,0.485,30.4,3.5,2002-03,Chris Webber,0.719512195,0,19,1190,0.016,67,39.1,23,10.5,5.4,1.6,1.3,0.461,0.238,0.607,6.9,0.127
19.3,3.7,4.5,18,0.507,27.1,2.2,2002-03,Jamal Mashburn,0.573170732,0,1,1190,0.001,82,40.5,21.6,6.1,5.6,1,0.2,0.422,0.389,0.848,9,0.13
13.6,3.3,4.1,22.6,0.576,24.4,4.6,2002-03,Steve Nash,0.731707317,0,1,1190,0.001,82,33.1,17.7,2.9,7.3,1,0.1,0.465,0.413,0.909,11.6,0.206
20.2,4.9,9.5,22.7,0.532,33.2,4.9,2002-03,Paul Pierce,0.536585366,0,1,1190,0.001,79,39.2,25.9,7.3,4.4,1.8,0.8,0.416,0.302,0.802,10.1,0.157
19.6,0.5,5.7,29.4,0.547,29.6,10.2,2003-04,Kevin Garnett,0.707317073,120,1219,1230,0.991,82,39.4,24.2,13.9,5,1.5,2.2,0.499,0.256,0.791,18.3,0.272
17.1,0.2,8.5,27.1,0.534,29.7,8.5,2003-04,Tim Duncan,0.695121951,0,716,1230,0.582,69,36.6,22.3,12.4,3.1,0.9,2.7,0.501,0.167,0.599,13.1,0.249
17.9,0.2,5.9,21.1,0.489,30.2,2.4,2003-04,Jermaine O'Neal,0.743902439,2,523,1230,0.425,78,35.7,20.1,10,2.1,0.8,2.6,0.434,0.111,0.757,9,0.155
17.1,6.8,5.2,21.8,0.624,23.9,3.9,2003-04,Peja Stojakovi,0.670731707,1,281,1230,0.228,81,40.3,24.2,6.3,2.1,1.3,0.2,0.48,0.433,0.927,13.5,0.198
18.1,3.3,8.2,23.7,0.551,29.1,5.6,2003-04,Kobe Bryant,0.682926829,0,212,1230,0.172,65,37.6,24,5.5,5.1,1.7,0.4,0.438,0.327,0.852,10.7,0.21
14.1,0,10.1,24.4,0.578,26.3,4.8,2003-04,Shaquille O'Neal,0.682926829,0,178,1230,0.145,67,36.8,21.5,11.5,2.9,0.5,2.5,0.584,0,0.49,9.9,0.192
9.2,0.1,3.6,17.3,0.441,15.3,3.5,2003-04,Ben Wallace,0.658536585,0,24,1230,0.02,81,37.7,9.5,12.4,1.7,1.8,3,0.421,0.125,0.49,10.2,0.16
14.3,4.4,3.7,19.7,0.485,24.6,4.7,2003-04,Jason Kidd,0.573170732,0,17,1230,0.014,67,36.6,15.5,6.4,9.2,1.8,0.2,0.384,0.321,0.827,7.2,0.141
18.9,2.7,5.8,18.3,0.488,28.2,1.7,2003-04,LeBron James,0.426829268,0,11,1230,0.009,79,39.5,20.9,5.5,5.9,1.6,0.7,0.417,0.29,0.754,5.1,0.078
15.7,2.3,4.1,22.8,0.566,27.2,4.4,2003-04,Sam Cassell,0.707317073,0,4,1230,0.003,81,35,19.8,3.3,7.3,1.3,0.2,0.488,0.398,0.873,12.1,0.205
20.9,8.7,5.3,20.7,0.492,30.1,5.2,2003-04,Baron Davis,0.5,0,4,1230,0.003,67,40.1,22.9,4.3,7.5,2.4,0.4,0.395,0.321,0.673,7.5,0.133
17,3.8,5.5,22.5,0.561,24.5,3.8,2003-04,Dirk Nowitzki,0.634146341,0,4,1230,0.003,77,37.9,21.8,8.7,2.7,1.2,1.4,0.462,0.341,0.877,11.5,0.19
11.9,2.6,6.4,22.6,0.559,21.9,7.9,2003-04,Andrei Kirilenko,0.512195122,0,2,1230,0.002,78,37.1,16.5,8.1,3.1,1.9,2.8,0.443,0.338,0.79,11.6,0.192
17.9,2.6,6.4,17.6,0.509,28.5,0,2003-04,Carmelo Anthony,0.524390244,0,1,1230,0.001,82,36.5,21,6.1,2.8,1.2,0.5,0.426,0.322,0.777,6.1,0.098
12.5,0,5.4,21.9,0.586,25.3,2.8,2003-04,Yao Ming,0.548780488,0,1,1230,0.001,82,32.8,17.5,9,1.5,0.3,1.9,0.522,0,0.809,11.4,0.202
17.5,4.4,5.4,19.9,0.544,26.3,2.5,2003-04,Michael Redd,0.5,0,1,1230,0.001,82,36.8,21.7,5,2.3,1,0.1,0.44,0.35,0.868,9.7,0.154
11.4,2.9,3.2,22,0.606,20.5,4.7,2004-05,Steve Nash,0.756097561,65,1066,1270,0.839,75,34.3,15.5,3.3,11.5,1,0.1,0.502,0.431,0.887,10.9,0.203
15,0,10.5,27,0.583,30.5,5.3,2004-05,Shaquille O'Neal,0.719512195,58,1032,1270,0.813,73,34.1,22.9,10.4,2.7,0.5,2.3,0.601,0,0.461,11,0.211
18.5,2.9,9.1,26.1,0.578,28.7,7.3,2004-05,Dirk Nowitzki,0.707317073,0,349,1270,0.275,78,38.7,26.1,9.7,3.1,1.2,1.5,0.459,0.399,0.869,15.6,0.248
15.8,0.1,6.9,27,0.54,28.9,7.6,2004-05,Tim Duncan,0.719512195,1,328,1270,0.258,66,33.4,20.3,11.1,2.7,0.7,2.6,0.496,0.333,0.67,11.2,0.245
24.2,4.5,10.5,23.2,0.532,35,4.2,2004-05,Allen Iverson,0.524390244,2,240,1270,0.189,75,42.3,30.7,4,7.9,2.4,0.1,0.424,0.308,0.835,9,0.136
21.1,3.9,8,25.7,0.554,29.7,8.6,2004-05,LeBron James,0.512195122,0,93,1270,0.073,80,42.4,27.2,7.4,7.2,2.2,0.7,0.472,0.351,0.75,14.3,0.203
21.3,5.6,7.1,22.9,0.526,31.2,6.7,2004-05,Tracy McGrady,0.62195122,0,44,1270,0.035,78,40.8,25.7,6.2,5.7,1.7,0.7,0.431,0.326,0.774,12,0.18
17.1,0.6,9.9,23.1,0.561,30.9,4.6,2004-05,Dwyane Wade,0.719512195,0,43,1270,0.034,77,38.6,24.1,5.2,6.8,1.6,1.1,0.478,0.289,0.762,11,0.177
16.7,0.2,9.9,26.6,0.617,28.3,4.4,2004-05,Amar'e Stoudemire,0.756097561,1,41,1270,0.032,80,36.1,26,8.9,1.6,1,1.6,0.559,0.188,0.733,14.6,0.243
19.2,7.1,5.5,20.9,0.555,28,4.1,2004-05,Ray Allen,0.634146341,0,41,1270,0.032,78,39.3,23.9,4.4,3.7,1.1,0.1,0.428,0.376,0.883,10.7,0.168
16.6,0.3,6.7,28.2,0.567,27.1,9.5,2004-05,Kevin Garnett,0.536585366,0,15,1270,0.012,82,38.1,22.2,13.5,5.7,1.5,1.4,0.502,0.24,0.811,16.1,0.248
19,7,8,21.3,0.565,27.3,4.2,2004-05,Gilbert Arenas,0.548780488,0,4,1270,0.003,80,40.9,25.5,4.7,5.1,1.7,0.3,0.431,0.365,0.814,11.5,0.169
20,4.1,6,22.9,0.541,31.6,6,2004-05,Vince Carter,0.5,0,3,1270,0.002,77,36.7,24.5,5.2,4.2,1.4,0.6,0.452,0.406,0.798,9.4,0.159
9.2,0,3,15.5,0.512,15.9,0.2,2004-05,P.J. Brown,0.219512195,0,1,1270,0.001,82,34.4,10.8,9,2.2,0.9,0.6,0.446,0,0.864,6.9,0.118
9.1,0.1,2.6,18,0.505,17.2,3.1,2004-05,Marcus Camby,0.597560976,0,1,1270,0.001,66,30.5,10.3,10,2.3,0.9,3,0.465,0,0.723,5.8,0.138
15.9,4.2,3.4,21.7,0.556,21.3,4.4,2004-05,Shawn Marion,0.756097561,0,1,1270,0.001,81,38.8,19.4,11.3,1.9,2,1.5,0.476,0.334,0.833,12.5,0.191
13.4,4.3,3.5,23.3,0.632,23.3,5,2005-06,Steve Nash,0.658536585,57,924,1250,0.739,79,35.4,18.8,4.2,10.5,0.8,0.2,0.512,0.439,0.921,12.4,0.212
23.1,4.8,10.3,28.1,0.568,33.6,9.1,2005-06,LeBron James,0.609756098,16,688,1250,0.55,79,42.5,31.4,7,6.6,1.6,0.8,0.48,0.335,0.738,16.3,0.232
19.3,3.3,7.4,28.1,0.589,30,8.1,2005-06,Dirk Nowitzki,0.731707317,14,544,1250,0.435,81,38.1,26.6,9,2.8,0.7,1,0.48,0.406,0.901,17.7,0.275
27.2,6.5,10.2,28,0.559,38.7,7.6,2005-06,Kobe Bryant,0.548780488,22,483,1250,0.386,80,41,35.4,5.3,4.5,1.8,0.4,0.45,0.347,0.85,15.3,0.224
12.5,5.2,6.4,23.4,0.602,22.9,6.2,2005-06,Chauncey Billups,0.780487805,15,430,1250,0.344,81,36.1,18.5,3.1,8.6,0.9,0.1,0.418,0.433,0.894,15.5,0.254
18.8,1,10.7,27.6,0.577,32.5,7.7,2005-06,Dwyane Wade,0.634146341,0,87,1250,0.07,75,38.6,27.2,5.7,6.7,1.9,0.8,0.495,0.171,0.783,14.4,0.239
18.2,0,7.2,26.5,0.58,27.7,6.7,2005-06,Elton Brand,0.573170732,1,50,1250,0.04,79,39.2,24.7,10,2.6,1,2.5,0.527,0.333,0.775,14.8,0.229
14.8,0.1,6.7,23.1,0.523,27.7,5,2005-06,Tim Duncan,0.768292683,0,33,1250,0.026,80,34.8,18.6,11,3.2,0.9,2,0.484,0.4,0.629,10.8,0.187
14.2,0.5,4.5,20.8,0.584,27.1,2.8,2005-06,Tony Parker,0.768292683,0,9,1250,0.007,80,33.9,18.9,3.3,5.8,1,0.1,0.548,0.306,0.707,9.6,0.169
25.3,3.1,11.5,25.9,0.543,35.8,4.8,2005-06,Allen Iverson,0.463414634,0,1,1250,0.001,72,43.1,33,3.2,7.4,1.9,0.1,0.447,0.323,0.814,10.6,0.165
16.9,3.6,3.7,23.6,0.591,22.3,4.8,2005-06,Shawn Marion,0.658536585,0,1,1250,0.001,81,40.3,21.8,11.8,1.8,2,1.7,0.525,0.331,0.809,14.6,0.214
17.2,2.2,7.1,27.6,0.605,28.9,8.3,2006-07,Dirk Nowitzki,0.817073171,83,1138,1290,0.882,78,36.2,24.6,8.9,3.4,0.7,0.8,0.502,0.416,0.904,16.3,0.278
12.8,4.5,3.3,23.8,0.654,22.9,5.9,2006-07,Steve Nash,0.743902439,44,1013,1290,0.785,76,35.3,18.6,3.5,11.6,0.8,0.1,0.532,0.455,0.899,12.6,0.225
22.8,5.2,10,26.1,0.58,33.6,5.9,2006-07,Kobe Bryant,0.512195122,2,521,1290,0.404,77,40.8,31.6,5.7,5.4,1.4,0.5,0.463,0.344,0.868,13,0.199
14.1,0.1,7.1,26.1,0.579,27.9,7,2006-07,Tim Duncan,0.707317073,0,286,1290,0.222,80,34.1,20,10.6,3.4,0.8,2.4,0.546,0.111,0.637,13,0.23
20.8,4,9,24.5,0.552,31,8.1,2006-07,LeBron James,0.609756098,0,183,1290,0.142,78,40.9,27.3,6.7,6,1.6,0.7,0.476,0.319,0.698,13.7,0.206
20.8,5.4,6.9,23.2,0.515,35,6.1,2006-07,Tracy McGrady,0.634146341,0,110,1290,0.085,71,35.8,24.6,5.3,6.5,1.3,0.5,0.431,0.331,0.707,8.6,0.163
15.9,0.5,8.6,22.6,0.577,26.7,2.7,2006-07,Chris Bosh,0.573170732,0,43,1290,0.033,69,38.5,22.6,10.7,2.5,0.6,1.3,0.496,0.343,0.785,9.6,0.174
20.9,7.9,9.7,24,0.565,31.4,4.7,2006-07,Gilbert Arenas,0.5,0,31,1290,0.024,74,39.8,28.4,4.6,6,1.9,0.2,0.418,0.351,0.844,10.8,0.177
15.6,0,5,24.1,0.588,26.5,4.6,2006-07,Carlos Boozer,0.62195122,0,7,1290,0.005,74,34.6,20.9,11.7,3,0.9,0.3,0.561,0,0.685,9.9,0.185
17.6,0.7,6.6,24.1,0.546,27.4,5.4,2006-07,Kevin Garnett,0.390243902,0,7,1290,0.005,76,39.4,22.4,12.8,4.1,1.2,1.7,0.476,0.214,0.835,10.7,0.171
11.6,4.5,6.2,21.3,0.591,21.5,4.7,2006-07,Chauncey Billups,0.646341463,0,4,1290,0.003,70,36.2,17,3.4,7.2,1.2,0.2,0.427,0.345,0.883,11.4,0.216
12,0,7.4,21.7,0.567,29.4,1.7,2006-07,Shaquille O'Neal,0.536585366,0,3,1290,0.002,40,28.4,17.3,7.4,2,0.2,1.4,0.591,0,0.422,2.8,0.119
18.9,1.5,10.5,28.9,0.583,34.7,8.2,2006-07,Dwyane Wade,0.536585366,0,3,1290,0.002,51,37.9,27.4,4.7,7.5,2.1,1.2,0.491,0.266,0.807,8.8,0.219
12.9,0,7.1,23.1,0.637,25.8,1.8,2006-07,Amar'e Stoudemire,0.743902439,0,2,1290,0.002,82,32.8,20.4,9.6,1,1,1.3,0.575,0,0.781,11.2,0.201
22.4,2.3,8.7,22.1,0.552,33.4,1.9,2006-07,Carmelo Anthony,0.548780488,0,1,1290,0.001,65,38.2,28.9,6,3.8,1.2,0.4,0.476,0.268,0.808,7.3,0.14
16.3,4.4,5.9,21,0.53,26.5,3.6,2006-07,Baron Davis,0.512195122,0,1,1290,0.001,63,35.3,20.1,4.4,8.1,2.1,0.5,0.439,0.304,0.745,6.4,0.139
14.2,0.5,4.5,21.4,0.572,27.4,3.1,2006-07,Tony Parker,0.707317073,0,1,1290,0.001,77,32.5,18.6,3.2,5.5,1.1,0.1,0.52,0.395,0.783,9.6,0.185
20.6,5.1,9,24.2,0.576,31.4,5.8,2007-08,Kobe Bryant,0.695121951,82,1100,1260,0.873,82,38.9,28.3,6.3,5.4,1.8,0.5,0.459,0.361,0.84,13.8,0.208
16.1,3.1,4.9,28.3,0.576,25.7,10.4,2007-08,Chris Paul,0.682926829,28,894,1260,0.71,80,37.6,21.1,4,11.6,2.7,0.1,0.488,0.369,0.851,17.8,0.284
13.9,0.2,4.7,25.3,0.588,25.5,8.2,2007-08,Kevin Garnett,0.804878049,15,670,1260,0.532,71,32.8,18.8,9.2,3.4,1.4,1.3,0.539,0,0.801,12.9,0.265
21.9,4.8,10.3,29.1,0.568,33.5,10.9,2007-08,LeBron James,0.548780488,1,438,1260,0.348,75,40.4,30,7.9,7.2,1.8,1.1,0.484,0.315,0.712,15.2,0.242
11.9,0,10.9,22.9,0.619,24.2,2.8,2007-08,Dwight Howard,0.634146341,0,60,1260,0.048,82,37.7,20.7,14.2,1.3,0.9,2.1,0.599,0,0.59,12.9,0.2
15.3,0.4,8.7,27.6,0.656,28.2,4.8,2007-08,Amar'e Stoudemire,0.670731707,0,27,1260,0.021,79,33.9,25.2,9.1,1.5,0.8,2.1,0.59,0.161,0.805,14.6,0.262
15.1,0.1,5.9,24.4,0.546,28.2,5.2,2007-08,Tim Duncan,0.682926829,0,25,1260,0.02,78,34,19.3,11.3,2.8,0.7,1.9,0.497,0,0.73,11.1,0.201
19.8,4.5,5.4,18.4,0.487,30.4,2.9,2007-08,Tracy McGrady,0.670731707,0,19,1260,0.015,66,37,21.6,5.1,5.9,1,0.5,0.419,0.292,0.684,5.8,0.115
11.9,4.7,3,21.1,0.641,22,3.9,2007-08,Steve Nash,0.670731707,0,18,1260,0.014,81,34.3,16.9,3.5,11.1,0.7,0.1,0.504,0.47,0.906,10.5,0.181
13.3,5.3,6,24.3,0.612,28.7,8.3,2007-08,Manu Ginbili,0.682926829,0,9,1260,0.007,74,31.1,19.5,4.8,4.5,1.5,0.4,0.46,0.401,0.86,11.1,0.232
17.1,2.9,7.1,24.6,0.585,28.8,6.6,2007-08,Dirk Nowitzki,0.62195122,0,5,1260,0.004,77,36,23.6,8.6,3.5,0.7,0.9,0.479,0.359,0.879,12.9,0.223
13.6,2.6,5,20.8,0.595,23.1,3.8,2007-08,Deron Williams,0.658536585,0,4,1260,0.003,82,37.3,18.8,3,10.5,1.1,0.3,0.507,0.395,0.803,11.3,0.177
19.2,2.1,7.7,21.1,0.568,30.2,1.6,2007-08,Carmelo Anthony,0.609756098,0,3,1260,0.002,77,36.4,25.7,7.4,3.4,1.3,0.5,0.492,0.354,0.786,8.2,0.14
16,0,4.9,21.9,0.581,26.6,2.8,2007-08,Carlos Boozer,0.658536585,0,1,1260,0.001,81,34.9,21.1,10.4,2.9,1.2,0.5,0.547,0,0.738,10.2,0.173
17.9,4.5,5.5,20.3,0.525,25.9,1.7,2007-08,Antawn Jamison,0.524390244,0,1,1260,0.001,79,38.7,21.4,10.2,1.5,1.3,0.4,0.436,0.339,0.76,9.2,0.144
13.7,4.6,6.1,19.6,0.599,24.8,4.8,2007-08,Paul Pierce,0.804878049,0,1,1260,0.001,80,35.9,19.6,5.1,4.5,1.3,0.5,0.464,0.392,0.843,12.4,0.207
11.3,4.1,1.9,17.2,0.523,20.5,4.1,2007-08,Rasheed Wallace,0.719512195,0,1,1260,0.001,77,30.5,12.7,6.6,1.8,1.2,1.7,0.432,0.356,0.767,7.6,0.155
19.9,4.7,9.4,31.7,0.591,33.8,13.2,2008-09,LeBron James,0.804878049,109,1172,1210,0.969,81,37.7,28.4,7.6,7.2,1.7,1.1,0.489,0.344,0.78,20.3,0.318
20.9,4.1,6.9,24.4,0.561,32.2,5.9,2008-09,Kobe Bryant,0.792682927,2,698,1210,0.577,82,36.1,26.8,5.2,4.9,1.5,0.5,0.467,0.351,0.856,12.7,0.206
22,3.5,9.8,30.4,0.574,36.2,10.6,2008-09,Dwyane Wade,0.524390244,7,680,1210,0.562,79,38.6,30.2,5,7.5,2.2,1.3,0.491,0.317,0.765,14.7,0.232
12.4,0,10.7,25.4,0.6,26.1,4.5,2008-09,Dwight Howard,0.719512195,1,328,1210,0.271,79,35.7,20.6,13.8,1.4,1,2.9,0.572,0,0.594,13.8,0.234
16.1,2.3,6.7,30,0.599,27.5,11,2008-09,Chris Paul,0.597560976,2,192,1210,0.159,78,38.5,22.8,5.5,11,2.8,0.1,0.503,0.364,0.868,18.3,0.292
12.4,5,5.8,18.8,0.592,21.7,3.4,2008-09,Chauncey Billups,0.5,0,33,1210,0.027,79,35.3,17.7,3,6.4,1.2,0.2,0.418,0.408,0.913,10.1,0.174
14.6,3.8,6.8,17.7,0.582,25.4,3.1,2008-09,Paul Pierce,0.756097561,0,21,1210,0.017,81,37.5,20.5,5.6,3.6,1,0.3,0.457,0.391,0.83,10.3,0.164
17.5,0.9,5,23.4,0.556,31.7,3.6,2008-09,Tony Parker,0.658536585,0,9,1210,0.007,72,34.1,22,3.1,6.9,0.9,0.1,0.506,0.292,0.782,8.6,0.168
16.9,2.8,6.5,24,0.573,27.4,6.2,2008-09,Brandon Roy,0.658536585,0,7,1210,0.006,78,37.2,22.6,4.7,5.1,1.1,0.3,0.48,0.377,0.824,13.5,0.223
20,2.1,6.7,23.1,0.564,30.3,3.4,2008-09,Dirk Nowitzki,0.609756098,0,3,1210,0.002,81,37.7,25.9,8.4,2.4,0.8,0.8,0.479,0.359,0.89,10.9,0.171
14.8,0,6.4,24.4,0.549,28.5,5.4,2008-09,Tim Duncan,0.658536585,0,2,1210,0.002,75,33.7,19.3,10.7,3.5,0.5,1.7,0.504,0,0.692,10.1,0.191
13.4,0,5.7,22.7,0.618,26.2,3.1,2008-09,Yao Ming,0.646341463,0,1,1210,0.001,77,33.6,19.7,9.9,1.8,0.4,1.9,0.548,1,0.866,10.6,0.196
20.1,5.1,10.2,31.1,0.604,33.5,11.8,2009-10,LeBron James,0.743902439,116,1205,1230,0.98,76,39,29.7,7.3,8.6,1.6,1,0.503,0.333,0.767,18.5,0.299
20.3,4.3,10.2,26.2,0.607,32,7.1,2009-10,Kevin Durant,0.609756098,4,609,1230,0.495,82,39.5,30.1,7.6,2.8,1.4,1,0.476,0.365,0.9,16.1,0.238
21.5,4.1,7.4,21.9,0.545,32.3,4.1,2009-10,Kobe Bryant,0.695121951,0,599,1230,0.487,73,38.8,27,5.4,5,1.5,0.3,0.456,0.329,0.811,9.4,0.16
10.2,0.1,10,24,0.63,23.9,4.4,2009-10,Dwight Howard,0.719512195,3,478,1230,0.389,82,34.7,18.3,13.2,1.8,0.9,2.8,0.612,0,0.592,13.2,0.223
19.6,3.2,9.1,28,0.562,34.9,9.2,2009-10,Dwyane Wade,0.573170732,0,119,1230,0.097,77,36.3,26.6,4.8,6.5,1.8,1.1,0.476,0.3,0.761,13,0.224
21.8,2.7,8.9,22.2,0.548,33.4,2.3,2009-10,Carmelo Anthony,0.646341463,0,65,1230,0.053,69,38.2,28.2,6.6,3.2,1.3,0.4,0.458,0.316,0.83,7.9,0.145
18.5,1.5,7.2,22.9,0.578,28.8,4.2,2009-10,Dirk Nowitzki,0.670731707,0,55,1230,0.045,81,37.5,25,7.7,2.7,0.9,1,0.481,0.421,0.915,12.3,0.194
12.2,3.6,2.8,21.6,0.615,22.9,4.3,2009-10,Steve Nash,0.658536585,0,49,1230,0.04,81,32.8,16.5,3.3,11,0.5,0.1,0.507,0.426,0.938,9.9,0.178
13.9,3.4,5.5,20.6,0.574,23.8,3.8,2009-10,Deron Williams,0.646341463,0,7,1230,0.006,76,36.9,18.7,4,10.5,1.3,0.2,0.469,0.371,0.801,10.3,0.177
15.4,0.1,7.7,22.6,0.615,27.3,1,2009-10,Amar'e Stoudemire,0.658536585,0,5,1230,0.004,82,34.6,23.1,8.9,1,0.6,1,0.557,0.167,0.771,10.7,0.181
12,4.7,4.7,22.5,0.584,25.8,6.7,2009-10,Manu Ginbili,0.609756098,0,3,1230,0.002,75,28.7,16.5,3.8,4.9,1.4,0.3,0.441,0.377,0.87,9.7,0.216
13.2,5.6,7,20.2,0.601,24.3,3.7,2009-10,Chauncey Billups,0.646341463,0,1,1230,0.001,73,34.1,19.5,3.1,5.6,1.1,0.1,0.418,0.386,0.91,9.5,0.182
16.5,0.3,8.4,25,0.592,28.7,3.6,2009-10,Chris Bosh,0.487804878,0,1,1230,0.001,70,36.1,24,10.8,2.4,0.6,1,0.518,0.364,0.797,9.6,0.182
17.5,4.9,5.4,15.6,0.518,27.5,0.4,2009-10,Stephen Jackson,0.5,0,1,1230,0.001,81,38.6,20.6,5,3.7,1.6,0.5,0.423,0.328,0.779,5,0.077
18.2,4.6,3.5,19.3,0.538,26.3,2.7,2009-10,Joe Johnson,0.646341463,0,1,1230,0.001,76,38,21.3,4.6,4.9,1.1,0.1,0.458,0.369,0.818,8.4,0.14
19.7,4.8,6.9,23.5,0.55,32.2,6.8,2010-11,Derrick Rose,0.756097561,113,1182,1210,0.977,81,37.4,25,4.1,7.7,1,0.6,0.445,0.332,0.858,13.1,0.208
13.4,0.1,11.7,26.1,0.616,27.2,5.3,2010-11,Dwight Howard,0.634146341,3,643,1210,0.531,78,37.6,22.9,14.1,1.4,1.4,2.4,0.593,0,0.596,14.4,0.235
18.8,3.5,8.4,27.3,0.594,31.5,8.1,2010-11,LeBron James,0.707317073,4,522,1210,0.431,79,38.8,26.7,7.5,7,1.6,0.6,0.51,0.33,0.759,15.6,0.244
20,4.3,7.1,23.9,0.548,35.1,5.2,2010-11,Kobe Bryant,0.695121951,1,428,1210,0.354,82,33.9,25.3,5.1,4.7,1.2,0.1,0.451,0.323,0.828,10.3,0.178
19.7,5.3,8.7,23.6,0.589,30.6,4.9,2010-11,Kevin Durant,0.670731707,0,190,1210,0.157,78,38.9,27.7,6.8,2.7,1.1,1,0.462,0.35,0.88,12,0.189
16.2,2.3,6.1,23.4,0.612,28.2,5.1,2010-11,Dirk Nowitzki,0.695121951,0,113,1210,0.093,73,34.3,23,7,2.6,0.5,0.6,0.517,0.393,0.892,11.1,0.213
18.2,2.7,8.6,25.6,0.581,31.6,6.6,2010-11,Dwyane Wade,0.707317073,0,24,1210,0.02,76,37.1,25.5,6.4,4.6,1.5,1.1,0.5,0.306,0.758,12.8,0.218
12.7,5.5,5.1,21.7,0.581,26,5.4,2010-11,Manu Ginbili,0.743902439,0,20,1210,0.017,80,30.3,17.4,3.7,4.9,1.5,0.4,0.433,0.349,0.871,9.9,0.195
19,0.3,7.7,22.7,0.565,30.9,1.4,2010-11,Amar'e Stoudemire,0.512195122,0,9,1210,0.007,78,36.8,25.3,8.2,2.6,0.9,1.9,0.502,0.435,0.792,8,0.134
16.8,0.3,8.5,21.9,0.549,27.3,2.6,2010-11,Blake Griffin,0.390243902,0,5,1210,0.004,82,38,22.5,12.1,3.8,0.8,0.5,0.506,0.292,0.642,9.8,0.152
9.9,0.6,1.9,17.1,0.495,18.3,3.1,2010-11,Rajon Rondo,0.682926829,0,5,1210,0.004,68,37.2,10.6,4.4,11.2,2.3,0.2,0.475,0.233,0.568,6.6,0.126
13.7,0.9,3.9,20.4,0.569,25.5,1.8,2010-11,Tony Parker,0.743902439,0,3,1210,0.002,78,32.4,17.5,3.1,6.6,1.2,0,0.519,0.357,0.769,8.2,0.156
11.6,2.3,4.8,23.7,0.578,21.1,7.1,2010-11,Chris Paul,0.56097561,0,2,1210,0.002,80,36,15.9,4.1,9.8,2.4,0.1,0.463,0.388,0.878,13.9,0.232
18.9,2.4,8.1,30.7,0.605,32,10.9,2011-12,LeBron James,0.696969697,85,1074,1210,0.888,62,37.5,27.1,7.9,6.2,1.9,0.8,0.531,0.362,0.771,14.5,0.298
19.7,5.2,7.6,26.2,0.61,31.3,7,2011-12,Kevin Durant,0.712121212,24,889,1210,0.735,66,38.6,28,8,3.5,1.3,1.2,0.496,0.387,0.86,12.2,0.23
14.8,3.6,5,27,0.581,24.3,9.2,2011-12,Chris Paul,0.606060606,6,385,1210,0.318,60,36.4,19.8,3.6,9.1,2.5,0.1,0.478,0.371,0.861,12.7,0.278
23,4.9,7.8,21.9,0.527,35.7,3.3,2011-12,Kobe Bryant,0.621212121,2,352,1210,0.291,58,38.5,27.9,5.4,4.6,1.2,0.3,0.43,0.303,0.845,6.2,0.132
14.8,1,4.7,22,0.539,27.7,2.7,2011-12,Tony Parker,0.757575758,4,331,1210,0.274,60,32.1,18.3,2.9,7.7,1,0.1,0.48,0.23,0.799,7.1,0.177
19.3,5.1,8.4,25.4,0.568,28.8,5.2,2011-12,Kevin Love,0.393939394,0,58,1210,0.048,55,39,26,13.3,2,0.9,0.5,0.448,0.372,0.824,10,0.223
13.4,0.1,10.6,24.2,0.569,26.1,4.3,2011-12,Dwight Howard,0.560606061,0,13,1210,0.011,54,38.3,20.6,14.5,1.9,1.5,2.1,0.573,0,0.491,7.7,0.179
10.8,0.8,3.4,17.5,0.483,20.7,2.2,2011-12,Rajon Rondo,0.590909091,0,12,1210,0.01,53,36.9,11.9,4.8,11.7,1.8,0.1,0.448,0.238,0.597,4.9,0.121
9,2.3,2.3,20.3,0.625,19.6,3.4,2011-12,Steve Nash,0.5,0,7,1210,0.006,62,31.6,12.5,3,10.7,0.6,0.1,0.532,0.39,0.894,5.9,0.144
17.1,1.1,6.1,26.3,0.559,31.3,7.9,2011-12,Dwyane Wade,0.696969697,0,6,1210,0.005,49,33.2,22.1,4.8,4.6,1.7,1.3,0.497,0.268,0.791,7.7,0.227
17.8,4.4,6.1,23,0.532,30.5,6.4,2011-12,Derrick Rose,0.757575758,0,5,1210,0.004,39,35.3,21.8,3.4,7.9,0.9,0.7,0.435,0.312,0.812,6,0.211
16.7,3.4,5.7,21.7,0.564,29.2,3.7,2011-12,Dirk Nowitzki,0.545454545,0,4,1210,0.003,62,33.5,21.6,6.7,2.2,0.7,0.5,0.457,0.368,0.896,7.6,0.175
19.2,3,6.3,22.9,0.538,32.7,3,2011-12,Russell Westbrook,0.712121212,0,4,1210,0.003,66,35.3,23.6,4.6,5.5,1.7,0.3,0.457,0.316,0.823,7.9,0.163
12.6,0.1,4.3,22.5,0.531,26.2,3.3,2011-12,Tim Duncan,0.757575758,0,3,1210,0.002,58,28.2,15.4,9,2.3,0.7,1.5,0.492,0,0.695,5.9,0.174
15.5,5.4,3.1,18.4,0.557,24.9,2.1,2011-12,Joe Johnson,0.606060606,0,1,1210,0.001,60,35.5,18.8,3.7,3.9,0.8,0.2,0.454,0.388,0.849,6.4,0.145
17.8,3.3,7,31.6,0.64,30.2,11.7,2012-13,LeBron James,0.804878049,120,1207,1210,0.998,76,37.9,26.8,8,7.3,1.7,0.9,0.565,0.406,0.753,19.3,0.322
17.7,4.1,9.3,28.3,0.647,29.8,9.3,2012-13,Kevin Durant,0.731707317,0,765,1210,0.632,81,38.5,28.1,7.9,4.6,1.4,1.3,0.51,0.416,0.905,18.9,0.291
22.2,6.2,7.6,24.8,0.56,35.6,4.3,2012-13,Carmelo Anthony,0.658536585,1,475,1210,0.393,67,37,28.7,6.9,2.6,0.8,0.5,0.449,0.379,0.83,9.5,0.184
12.2,3.3,4.6,26.4,0.594,22.6,8.8,2012-13,Chris Paul,0.682926829,0,289,1210,0.239,70,33.4,16.9,3.7,9.7,2.4,0.1,0.481,0.328,0.885,13.9,0.287
20.4,5.2,8,23,0.57,31.9,4.6,2012-13,Kobe Bryant,0.548780488,0,184,1210,0.152,78,38.6,27.3,5.6,6,1.4,0.3,0.463,0.324,0.839,10.9,0.174
15.1,1,5,23,0.588,27.7,3.6,2012-13,Tony Parker,0.707317073,0,86,1210,0.071,66,32.9,20.3,3,7.6,0.8,0.1,0.522,0.353,0.845,9.3,0.206
14.1,0.1,4.3,24.4,0.554,27.8,5.3,2012-13,Tim Duncan,0.707317073,0,65,1210,0.054,69,30.1,17.8,9.9,2.7,0.7,2.7,0.502,0.286,0.817,8.3,0.191
17.1,6.2,10.2,23,0.6,29,5.6,2012-13,James Harden,0.548780488,0,33,1210,0.027,78,38.3,25.9,4.9,5.8,1.8,0.5,0.438,0.368,0.851,12.8,0.206
18.7,3.7,7,23.9,0.532,32.8,4.4,2012-13,Russell Westbrook,0.731707317,0,9,1210,0.007,82,34.9,23.2,5.2,7.4,1.8,0.3,0.438,0.323,0.8,11.6,0.195
15.8,1,6.2,24,0.571,29.5,4.4,2012-13,Dwyane Wade,0.804878049,0,5,1210,0.004,69,34.7,21.2,5,5.1,1.9,0.8,0.521,0.258,0.725,9.6,0.192
17.8,7.7,3.7,21.3,0.589,26.4,5.4,2012-13,Stephen Curry,0.573170732,0,3,1210,0.002,78,38.2,22.9,4,6.9,1.6,0.2,0.451,0.453,0.9,11.2,0.18
12.5,0.2,3,19.2,0.535,24.5,2.6,2012-13,Kevin Garnett,0.50617284,0,1,1210,0.001,68,29.7,14.8,7.8,2.3,1.1,0.9,0.496,0.125,0.786,5.6,0.133
10.9,0.2,4,19.5,0.559,19.2,5.2,2012-13,Marc Gasol,0.682926829,0,1,1210,0.001,80,35,14.1,7.8,4,1,1.7,0.494,0.071,0.848,11.5,0.197
13.3,3.2,4.3,17.9,0.549,22.3,2,2012-13,Ty Lawson,0.695121951,0,1,1210,0.001,73,34.4,16.7,2.7,6.9,1.5,0.1,0.461,0.366,0.756,7.4,0.141
14.7,0.1,4.1,19.2,0.561,23.2,1.8,2012-13,David Lee,0.573170732,0,1,1210,0.001,79,36.8,18.5,11.2,3.5,0.8,0.3,0.519,0,0.797,9.1,0.15
9.5,0.1,3.6,18.1,0.534,17.2,3.4,2012-13,Joakim Noah,0.548780488,0,1,1210,0.001,66,36.8,11.9,11.1,4,1.2,2.1,0.481,0,0.751,7.3,0.145
20.8,6.1,9.9,29.8,0.635,33,10.2,2013-14,Kevin Durant,0.719512195,119,1232,1250,0.986,81,38.5,32,7.4,5.5,1.3,0.7,0.503,0.391,0.873,19.2,0.295
17.6,4,7.6,29.3,0.649,31,8.8,2013-14,LeBron James,0.658536585,6,891,1250,0.713,77,37.7,27.1,6.9,6.3,1.6,0.3,0.567,0.379,0.75,15.9,0.264
17,0.6,8.4,23.9,0.583,29,4.5,2013-14,Blake Griffin,0.695121951,0,434,1250,0.347,80,35.8,24.1,9.5,3.9,1.2,0.6,0.528,0.273,0.715,12.2,0.205
10,0,4.2,20,0.531,18.7,5.3,2013-14,Joakim Noah,0.585365854,0,322,1250,0.258,80,35.3,12.6,11.3,5.4,1.2,1.5,0.475,0,0.737,11.2,0.19
16.5,6.6,9.1,23.5,0.618,27.8,5.6,2013-14,James Harden,0.658536585,0,85,1250,0.068,73,38,25.4,4.7,6.1,1.6,0.4,0.456,0.366,0.866,12.8,0.221
17.7,7.9,4.5,24.1,0.61,28.3,7.4,2013-14,Stephen Curry,0.62195122,0,66,1250,0.053,78,36.5,24,4.3,8.5,1.6,0.2,0.471,0.424,0.885,13.4,0.225
14,3.4,5.6,25.9,0.58,23.7,8.6,2013-14,Chris Paul,0.695121951,0,45,1250,0.036,62,35,19.1,4.3,10.7,2.5,0.1,0.467,0.368,0.855,12.2,0.27
18.8,0.2,3.8,22.7,0.532,29.3,2.7,2013-14,Al Jefferson,0.524390244,0,34,1250,0.027,73,35,21.8,10.8,2.1,0.9,1.1,0.509,0.2,0.69,7.8,0.146
17,6.3,5.8,20.1,0.555,28.3,4.9,2013-14,Paul George,0.682926829,0,33,1250,0.026,80,36.2,21.7,6.8,3.5,1.9,0.3,0.424,0.364,0.864,10.8,0.178
20.6,0.2,5.2,21.8,0.507,29.8,2.3,2013-14,LaMarcus Aldridge,0.658536585,0,26,1250,0.021,69,36.2,23.2,11.1,2.6,0.9,1,0.458,0.2,0.822,7.5,0.144
18.5,6.6,8.2,26.9,0.591,28.8,8.9,2013-14,Kevin Love,0.487804878,0,25,1250,0.02,77,36.3,26.1,12.5,4.4,0.8,0.5,0.457,0.376,0.821,14.3,0.245
12.2,0.1,4.3,21.3,0.535,25.2,3.3,2013-14,Tim Duncan,0.756097561,0,21,1250,0.017,74,29.2,15.1,9.7,3,0.6,1.9,0.49,0,0.731,7.4,0.164
13.4,1,3.6,18.9,0.555,26.5,0.9,2013-14,Tony Parker,0.756097561,0,21,1250,0.017,68,29.4,16.7,2.3,5.7,0.5,0.1,0.499,0.373,0.811,5.9,0.141
15.9,4.1,4.7,23.6,0.603,26.9,5,2013-14,Dirk Nowitzki,0.597560976,0,7,1250,0.006,80,32.9,21.7,6.2,2.7,0.9,0.6,0.497,0.398,0.899,10.9,0.199
21.3,5.4,7,24.4,0.561,32.4,5,2013-14,Carmelo Anthony,0.451219512,0,4,1250,0.003,77,38.7,27.4,8.1,3.1,1.2,0.7,0.452,0.402,0.848,10.7,0.172
14.4,3.9,5.5,21.4,0.604,24.5,3.9,2013-14,Goran Dragi,0.585365854,0,3,1250,0.002,76,35.1,20.3,3.2,5.9,1.4,0.3,0.505,0.408,0.76,10.3,0.186
14.1,4,3.8,20,0.545,24.6,3.8,2013-14,Mike Conley,0.609756098,0,1,1250,0.001,73,33.5,17.2,2.9,6,1.5,0.2,0.45,0.361,0.815,8.2,0.161
16.8,8.1,4.2,28,0.638,28.9,9.9,2014-15,Stephen Curry,0.817073171,100,1198,1300,0.922,80,32.7,23.8,4.3,7.7,2,0.2,0.487,0.443,0.914,15.7,0.288
18.1,6.9,10.2,26.7,0.605,31.3,8.8,2014-15,James Harden,0.682926829,25,936,1300,0.72,81,36.8,27.4,5.7,7,1.9,0.7,0.44,0.375,0.868,16.4,0.265
18.5,4.9,7.7,25.9,0.577,32.3,7.1,2014-15,LeBron James,0.646341463,5,552,1300,0.425,69,36.1,25.3,6,7.4,1.6,0.7,0.488,0.354,0.71,10.4,0.199
22,4.3,9.8,29.1,0.536,38.4,8.1,2014-15,Russell Westbrook,0.548780488,0,352,1300,0.271,67,34.4,28.1,7.3,8.6,2.1,0.2,0.426,0.299,0.835,10.6,0.222
17.6,0.2,6.8,30.8,0.591,27.8,8.9,2014-15,Anthony Davis,0.548780488,0,203,1300,0.156,68,36.1,24.4,10.2,2.2,1.5,2.9,0.535,0.083,0.805,14,0.274
14.3,4.3,3.9,26,0.596,23.7,8,2014-15,Chris Paul,0.682926829,0,124,1300,0.095,82,34.8,19.1,4.6,10.2,1.9,0.2,0.485,0.398,0.9,16.1,0.27
19.9,1.5,5.1,22.8,0.528,30.2,2.9,2014-15,LaMarcus Aldridge,0.62195122,0,6,1300,0.005,71,35.4,23.4,10.2,1.7,0.7,1,0.466,0.352,0.845,8.6,0.165
13.2,0.2,5.4,21.7,0.558,24.6,5.1,2014-15,Marc Gasol,0.670731707,0,3,1300,0.002,81,33.2,17.4,7.8,3.8,0.9,1.6,0.494,0.176,0.795,10.2,0.182
17.1,0.4,6.4,22.8,0.551,28.4,4,2014-15,Blake Griffin,0.682926829,0,3,1300,0.002,67,35.2,21.9,7.6,5.3,0.9,0.5,0.502,0.4,0.728,9,0.183
10.6,0.1,4,22.6,0.56,22.2,5.1,2014-15,Tim Duncan,0.670731707,0,1,1300,0.001,77,28.9,13.9,9.1,3,0.8,2,0.512,0.286,0.74,9.6,0.207
12.8,3,3.9,22,0.567,23,5.9,2014-15,Kawhi Leonard,0.670731707,0,1,1300,0.001,64,31.8,16.5,7.2,2.5,2.3,0.8,0.479,0.349,0.802,8.6,0.204
16.9,7.1,3.3,20.8,0.591,27.6,4.4,2014-15,Klay Thompson,0.817073171,0,1,1300,0.001,77,31.9,21.7,3.2,2.9,1.1,0.8,0.463,0.439,0.879,8.8,0.172
20.2,11.2,5.1,31.5,0.669,32.6,11.9,2015-16,Stephen Curry,0.890243902,131,1310,1310,1,79,34.2,30.1,5.4,6.7,2.1,0.2,0.504,0.454,0.908,17.9,0.318
15.1,4,4.6,26,0.616,25.8,9.1,2015-16,Kawhi Leonard,0.817073171,0,634,1310,0.484,72,33.1,21.2,6.8,2.6,1.8,1,0.506,0.443,0.874,13.7,0.277
18.6,3.7,6.5,27.5,0.588,31.4,9,2015-16,LeBron James,0.695121951,0,631,1310,0.482,76,35.6,25.3,7.4,6.8,1.4,0.6,0.52,0.309,0.731,13.6,0.242
18.1,4.3,7.2,27.6,0.554,31.6,7.8,2015-16,Russell Westbrook,0.670731707,0,486,1310,0.371,80,34.4,23.5,7.8,10.4,2,0.3,0.454,0.296,0.812,14,0.245
19.2,6.7,6.9,28.2,0.634,30.6,9.9,2015-16,Kevin Durant,0.670731707,0,147,1310,0.112,72,35.8,28.2,8.2,5,1,1.2,0.505,0.387,0.898,14.5,0.27
15.1,4.4,4.4,26.2,0.575,27.1,7.9,2015-16,Chris Paul,0.646341463,0,107,1310,0.082,74,32.7,19.5,4.2,10,2.1,0.2,0.462,0.371,0.896,12.7,0.253
10.1,3.2,4.1,19.3,0.587,18.8,5.5,2015-16,Draymond Green,0.890243902,0,50,1310,0.038,81,34.7,14,9.5,7.4,1.5,1.4,0.49,0.388,0.696,11.1,0.19
19.7,8.1,6.2,22.2,0.56,31.3,4.4,2015-16,Damian Lillard,0.536585366,0,26,1310,0.02,75,35.7,25.1,4,6.8,0.9,0.4,0.419,0.375,0.892,9.2,0.165
19.7,8,10.2,25.3,0.598,32.5,6.6,2015-16,James Harden,0.5,0,9,1310,0.007,82,38.1,29,6.1,7.5,1.7,0.6,0.439,0.359,0.86,13.3,0.204
15.6,7.1,6.4,22.2,0.578,26.1,5.8,2015-16,Kyle Lowry,0.682926829,0,6,1310,0.005,77,37,21.2,4.7,6.4,2.1,0.4,0.427,0.388,0.811,11.6,0.196
24,7.2,10.4,30.6,0.554,41.7,11.1,2016-17,Russell Westbrook,0.573170732,69,888,1010,0.879,81,34.6,31.6,10.7,10.4,1.6,0.4,0.425,0.343,0.845,13.1,0.224
18.9,9.3,10.9,27.4,0.613,34.2,8.7,2016-17,James Harden,0.670731707,22,753,1010,0.746,81,36.4,29.1,8.1,11.2,1.5,0.5,0.44,0.347,0.847,15,0.245
17.7,5.2,7.2,27.6,0.61,31.1,9.4,2016-17,Kawhi Leonard,0.743902439,9,500,1010,0.495,74,33.4,25.5,5.8,3.5,1.8,0.7,0.485,0.38,0.88,13.6,0.264
18.2,4.6,7.2,27,0.619,30,7.6,2016-17,LeBron James,0.62195122,1,333,1010,0.33,74,37.8,26.4,8.6,8.7,1.2,0.6,0.548,0.363,0.674,12.9,0.221
19.4,8.5,8.5,26.5,0.625,34,6.7,2016-17,Isaiah Thomas,0.646341463,0,81,1010,0.08,76,33.8,28.9,2.7,5.9,0.9,0.2,0.463,0.379,0.909,12.5,0.234
18.3,10,4.6,24.6,0.624,30.1,6.9,2016-17,Stephen Curry,0.817073171,0,52,1010,0.051,79,33.4,25.3,4.5,6.6,1.8,0.2,0.468,0.411,0.898,12.6,0.229
15.7,2.3,7.7,26.1,0.599,28.3,7.3,2016-17,Giannis Antetokounmpo,0.512195122,0,7,1010,0.007,80,35.6,22.9,8.8,5.4,1.6,1.9,0.521,0.272,0.77,12.4,0.21
18.4,3.5,6.8,23.2,0.541,30.6,4.7,2016-17,John Wall,0.597560976,0,7,1010,0.007,78,36.4,23.1,4.2,10.7,2,0.6,0.451,0.327,0.801,8.8,0.149
20.3,1.8,8.6,27.5,0.58,32.6,5.9,2016-17,Anthony Davis,0.414634146,0,2,1010,0.002,75,36.1,28,11.8,2.1,1.3,2.2,0.505,0.299,0.802,11,0.195
16.5,5,6.2,27.6,0.651,27.8,8.9,2016-17,Kevin Durant,0.817073171,0,2,1010,0.002,62,33.4,25.1,8.3,4.8,1.1,1.6,0.537,0.375,0.875,12,0.278
20.9,1.7,8.7,24,0.552,34.3,3,2016-17,DeMar DeRozan,0.62195122,0,1,1010,0.001,74,35.4,27.3,5.2,3.9,1.1,0.2,0.467,0.266,0.842,9,0.166
20.1,10,10.1,29.8,0.619,36.1,9.9,2017-18,James Harden,0.792682927,86,965,1010,0.955,72,35.4,30.4,5.4,8.8,1.8,0.7,0.449,0.367,0.858,15.4,0.289
19.3,5,6.5,28.6,0.621,31.6,8.7,2017-18,LeBron James,0.609756098,15,738,1010,0.731,82,36.9,27.5,8.6,9.1,1.4,0.9,0.542,0.367,0.731,14,0.221
19.5,2.2,8,28.9,0.612,30,6.7,2017-18,Anthony Davis,0.585365854,0,445,1010,0.441,75,36.4,28.1,11.1,2.3,1.5,2.6,0.534,0.34,0.828,13.7,0.241
19.4,8.6,7.4,25.2,0.594,30.6,7.2,2017-18,Damian Lillard,0.597560976,0,207,1010,0.205,73,36.6,26.9,4.5,6.6,1.1,0.4,0.439,0.361,0.916,12.6,0.227
21.1,4.1,7.1,24.7,0.524,34.1,6.3,2017-18,Russell Westbrook,0.585365854,0,76,1010,0.075,80,36.4,25.4,10.1,10.3,1.8,0.3,0.449,0.298,0.737,10.1,0.166
18.7,1.9,8.5,27.3,0.598,31.2,6.2,2017-18,Giannis Antetokounmpo,0.536585366,0,75,1010,0.074,75,36.7,26.9,10,4.8,1.5,1.4,0.529,0.307,0.76,11.9,0.207
18,6.1,5.9,26,0.64,30.4,7.3,2017-18,Kevin Durant,0.707317073,0,66,1010,0.065,68,34.2,26.4,6.8,5.4,0.7,1.8,0.516,0.419,0.889,10.4,0.215
17.7,3.6,7,21,0.555,29.6,2.8,2017-18,DeMar DeRozan,0.719512195,0,32,1010,0.032,80,33.9,23,3.9,5.2,1.1,0.3,0.456,0.31,0.825,9.6,0.17
18,1.2,5.3,25,0.57,29.1,3.9,2017-18,LaMarcus Aldridge,0.573170732,0,6,1010,0.006,75,33.5,23.1,8.5,2,0.6,1.2,0.51,0.293,0.837,10.9,0.209
15.6,3.4,7.2,23.7,0.59,24.9,5.8,2017-18,Jimmy Butler,0.573170732,0,5,1010,0.005,59,36.7,22.2,5.3,4.9,2,0.4,0.474,0.35,0.854,8.9,0.198
16.9,9.8,5.9,28.2,0.675,31,7.7,2017-18,Stephen Curry,0.707317073,0,5,1010,0.005,51,32,26.4,5.1,6.1,1.6,0.2,0.495,0.423,0.921,9.1,0.267
16.8,3.4,7.4,22.9,0.573,33.4,3.3,2017-18,Joel Embiid,0.634146341,0,4,1010,0.004,63,30.3,22.9,11,3.2,0.6,1.8,0.483,0.308,0.769,6.2,0.155
17.9,5.8,4.9,23.1,0.577,30.1,5.8,2017-18,Victor Oladipo,0.585365854,0,2,1010,0.002,75,34,23.1,5.2,4.3,2.4,0.8,0.477,0.371,0.799,8.2,0.155
17.3,2.8,9.5,30.9,0.644,32.3,10.4,2018-19,Giannis Antetokounmpo,0.731707317,78,941,1010,0.932,72,32.8,27.7,12.5,5.9,1.3,1.5,0.578,0.256,0.729,14.4,0.292
24.5,13.2,11,30.6,0.616,40.5,11,2018-19,James Harden,0.646341463,23,776,1010,0.768,78,36.8,36.1,6.6,7.5,2,0.7,0.442,0.368,0.879,15.2,0.254
21,9.8,7,23.3,0.583,29.5,7.2,2018-19,Paul George,0.597560976,0,356,1010,0.352,77,36.9,28,8.2,4.1,2.2,0.4,0.438,0.386,0.839,11.9,0.201
15.1,3.4,4.4,26.3,0.589,27.4,9.1,2018-19,Nikola Joki,0.658536585,0,212,1010,0.21,80,31.3,20.1,10.8,7.3,1.4,0.7,0.511,0.307,0.821,11.8,0.226
19.4,11.7,4.2,24.4,0.641,30.4,6.6,2018-19,Stephen Curry,0.695121951,0,175,1010,0.173,69,33.8,27.3,5.3,5.2,1.3,0.4,0.472,0.437,0.916,9.7,0.199
19.2,8,6.4,23.7,0.588,29.3,6.4,2018-19,Damian Lillard,0.646341463,0,69,1010,0.068,80,35.5,25.8,4.6,6.9,1.1,0.4,0.444,0.369,0.912,12.1,0.205
18.7,4.1,10.1,26.1,0.593,33.3,4.9,2018-19,Joel Embiid,0.62195122,0,49,1010,0.049,64,33.7,27.5,13.6,3.7,0.7,1.9,0.484,0.3,0.804,8.7,0.194
17.7,5,6.5,24.2,0.631,29,5.5,2018-19,Kevin Durant,0.695121951,0,25,1010,0.025,78,34.6,26,6.4,5.9,0.7,1.1,0.521,0.353,0.885,11.5,0.204
18.8,5,7.1,25.8,0.606,30.3,7.2,2018-19,Kawhi Leonard,0.707317073,0,13,1010,0.013,60,34,26.6,7.3,3.3,1.8,0.4,0.496,0.371,0.854,9.5,0.224
20.2,5.6,6.2,21.1,0.501,30.9,5.2,2018-19,Russell Westbrook,0.597560976,0,8,1010,0.008,73,36,22.9,11.1,10.7,1.9,0.5,0.428,0.29,0.656,6.8,0.124
8.8,0,6.4,24.6,0.682,17.8,5.4,2018-19,Rudy Gobert,0.609756098,0,1,1010,0.001,81,31.8,15.9,12.9,2,0.8,2.3,0.669,0,0.636,14.4,0.268
19.9,5.9,7.6,25.6,0.588,31.6,8,2018-19,LeBron James,0.451219512,0,1,1010,0.001,55,35.2,27.4,8.5,8.3,1.3,0.6,0.51,0.339,0.665,7.2,0.179
19.7,4.7,10,31.9,0.613,37.5,11.5,2019-20,Giannis Antetokounmpo,0.767123288,85,962,1010,0.952,63,30.4,29.5,13.6,5.6,1,1,0.553,0.304,0.633,11.1,0.279
19.4,6.3,5.7,25.5,0.577,31.5,8.4,2019-20,LeBron James,0.732394366,16,753,1010,0.746,67,34.6,25.3,7.8,10.2,1.2,0.5,0.493,0.348,0.693,9.8,0.204
22.3,12.4,11.8,29.1,0.626,36.3,9.6,2019-20,James Harden,0.611111111,0,367,1010,0.363,68,36.5,34.3,6.6,7.5,1.8,0.9,0.444,0.355,0.865,13.1,0.254
20.6,8.9,9.2,27.6,0.585,36.8,8.4,2019-20,Luka Doni,0.573333333,0,200,1010,0.198,61,33.6,28.8,9.4,8.8,1,0.2,0.463,0.316,0.758,8.8,0.207
19.9,5.7,7.1,26.9,0.589,33,8.9,2019-20,Kawhi Leonard,0.680555556,0,168,1010,0.166,57,32.4,27.1,7.1,4.9,1.8,0.6,0.47,0.378,0.886,8.7,0.226
17.7,3.5,8.5,27.4,0.61,29.3,8,2019-20,Anthony Davis,0.732394366,0,82,1010,0.081,62,34.4,26.1,9.3,3.2,1.5,2.3,0.503,0.33,0.846,11.1,0.25
12.7,4.3,4,21.7,0.61,23.3,4.4,2019-20,Chris Paul,0.611111111,0,26,1010,0.026,70,31.5,17.6,5,6.7,1.6,0.2,0.489,0.365,0.907,8.9,0.193
20.4,10.2,7.8,26.9,0.627,30.3,7.5,2019-20,Damian Lillard,0.472972973,0,23,1010,0.023,66,37.5,30,4.3,8,1.1,0.3,0.463,0.401,0.888,11.6,0.225
14.7,3.5,4.1,24.9,0.605,26.6,7.4,2019-20,Nikola Joki,0.630136986,0,18,1010,0.018,73,32,19.9,9.7,7,1.2,0.6,0.528,0.314,0.817,9.8,0.202
18.4,6.1,5.1,17.9,0.554,28.1,1.8,2019-20,Pascal Siakam,0.736111111,0,17,1010,0.017,60,35.2,22.9,7.3,3.5,1,0.9,0.453,0.359,0.792,5.4,0.123
13.1,2.1,9.1,23.6,0.585,25.1,5.4,2019-20,Jimmy Butler,0.602739726,0,9,1010,0.009,58,33.8,19.9,6.7,6,1.8,0.6,0.455,0.244,0.834,9,0.221
18.6,7.1,4.7,20.4,0.567,28.6,4,2019-20,Jayson Tatum,0.666666667,0,1,1010,0.001,66,34.3,23.4,7,3,1.4,0.9,0.45,0.403,0.812,6.9,0.146
